ID автомобиля;Марка;Модель;Год выпуска
1;TVR;Model CE;2013
2;Ford;Model BU;2006
3;Rover;Model CK;2001
4;Chevrolet;Model BW;2011
5;Scion;Model CC;1995
6;Ariel;Model N;1997
7;Geely;Model S;1997
8;Daihatsu;Model CD;2005
9;Fiat;Model AU;1993
10;Mazda;Model AM;1992
11;Coda;Model AN;2015
12;Mazda;Model Q;2000
13;Ferrari;Model AI;1997
14;Isuzu;Model U;2019
15;Qvale;Model V;2012
16;Donkervoort;Model AS;2015
17;Volvo;Model AA;2004
18;Saleen;Model AN;2008
19;Caterham;Model V;2004
20;Opel;Model BI;2001
21;Donkervoort;Model BD;2020
22;Cadillac;Model CL;2017
23;Mazda;Model AZ;2023
24;Caterham;Model Q;2024
25;Ford;Model CB;2022
26;Plymouth;Model BS;2024
27;Morgan;Model AS;1999
28;Jaguar;Model AH;2023
29;Volvo;Model BX;2003
30;Skoda;Model AB;2009
31;De Tomaso;Model BF;1994
32;Tesla;Model BK;2023
33;Tesla;Model M;2024
34;Laraki;Model BF;2011
35;Donkervoort;Model AP;2003
36;Subaru;Model M;2015
37;Peugeot;Model AT;2005
38;Great Wall;Model AQ;2009
39;Bristol;Model BK;2011
40;Haval;Model CL;2008
41;Ford;Model AZ;1997
42;Singer;Model BQ;2005
43;Proton;Model BB;2016
44;Ruf;Model BS;1990
45;Mini;Model BH;2009
46;Citroen;Model BD;2001
47;Saleen;Model AF;2015
48;Mini;Model BF;1997
49;Isuzu;Model AI;2007
50;Ferrari;Model Y;2000
51;Lamborghini;Model BM;1995
52;Bugatti;Model BD;2019
53;Land Rover;Model AZ;1990
54;Maruti Suzuki;Model Z;1993
55;Nissan;Model S;1994
56;Skoda;Model AU;2004
57;Volkswagen;Model AM;2002
58;Mercedes-Benz;Model AK;1999
59;Lancia;Model CJ;2011
60;Smart;Model AR;1990
61;Mini;Model BY;2020
62;Laraki;Model BC;2008
63;Alfa Romeo;Model BK;2011
64;Peugeot;Model CD;2015
65;Peugeot;Model AC;1997
66;Jeep;Model C;1999
67;Peugeot;Model C;2023
68;Mitsubishi;Model G;2014
69;Scion;Model BH;2004
70;De Tomaso;Model AL;2000
71;Holden;Model R;2004
72;Koenigsegg;Model BO;2004
73;AC;Model CK;2021
74;Laraki;Model BE;2014
75;Mini;Model CJ;2006
76;Infiniti;Model T;1999
77;Nissan;Model CD;2011
78;TVR;Model AM;1996
79;Suzuki;Model K;2015
80;TVR;Model CK;1995
81;Great Wall;Model CG;1996
82;Ruf;Model AV;1998
83;Toyota;Model AE;2003
84;Mazda;Model K;2016
85;Citroen;Model AD;2010
86;BMW;Model BX;2018
87;Panoz;Model AM;1999
88;BYD;Model T;2018
89;Dacia;Model U;1990
90;Ferrari;Model AD;1995
91;Haval;Model AW;1993
92;Smart;Model BJ;1997
93;Marcos;Model F;2023
94;Mini;Model AH;2002
95;Bentley;Model K;2001
96;Caterham;Model AK;2023
97;Ultima;Model AH;2024
98;Ultima;Model BN;2017
99;Dodge;Model AG;2008
100;Qvale;Model CL;2010
101;BMW;Model P;2000
102;Haval;Model X;1994
103;Geely;Model BR;2002
104;BYD;Model BL;2010
105;Cadillac;Model F;2006
106;Ruf;Model BI;2013
107;Noble;Model I;2016
108;Ruf;Model BG;2018
109;Citroen;Model CC;2023
110;Marcos;Model Q;2008
111;FAW;Model T;2005
112;Audi;Model C;2003
113;Proton;Model Y;1995
114;Dodge;Model BU;1992
115;Mahindra;Model BT;2001
116;Rover;Model BE;2016
117;Smart;Model X;1993
118;Lexus;Model CL;2003
119;Apollo;Model CG;2023
120;Ariel;Model I;2008
121;Saleen;Model AG;1996
122;GMC;Model CA;1993
123;Nissan;Model BU;2001
124;Cadillac;Model AS;2003
125;Chrysler;Model CL;1991
126;FAW;Model CB;2009
127;Ferrari;Model CG;2020
128;Bugatti;Model BD;2000
129;Audi;Model AW;2022
130;Dacia;Model G;2024
131;Geely;Model CF;2010
132;Mercedes-Benz;Model BS;2003
133;Geely;Model BX;1999
134;Panoz;Model AF;2014
135;Bugatti;Model E;2018
136;Fisker;Model H;2010
137;De Tomaso;Model AN;2009
138;Porsche;Model AV;1993
139;Laraki;Model G;2004
140;Dacia;Model BI;2013
141;Buick;Model BS;1997
142;Vauxhall;Model CG;2019
143;Ferrari;Model BR;1993
144;Jeep;Model CA;2002
145;Fisker;Model AO;2007
146;Donkervoort;Model H;2011
147;Pagani;Model BS;1992
148;Lexus;Model AI;2021
149;Fiat;Model O;2014
150;Nissan;Model CH;2017
151;Infiniti;Model BD;2010
152;Jeep;Model AO;1998
153;Mitsubishi;Model F;1997
154;Singer;Model BK;2021
155;FAW;Model BQ;2020
156;Lexus;Model CK;2009
157;Rover;Model BH;2000
158;Chevrolet;Model AO;2007
159;Ascari;Model H;1998
160;Bentley;Model H;1996
161;Opel;Model BB;1994
162;Infiniti;Model CC;2006
163;Aston Martin;Model Z;2013
164;Radical;Model BO;1993
165;Mitsubishi;Model BW;2016
166;Seat;Model BC;2000
167;Coda;Model BI;2019
168;Great Wall;Model BV;1997
169;Renault;Model V;2004
170;Volvo;Model P;2019
171;Citroen;Model A;1998
172;Perodua;Model BS;1995
173;Dodge;Model Y;1993
174;Lincoln;Model AE;2023
175;Buick;Model CJ;1994
176;Daewoo;Model AS;1999
177;FAW;Model BM;2013
178;Fisker;Model BS;2021
179;FAW;Model U;2008
180;Noble;Model S;2020
181;Saleen;Model CI;2022
182;Laraki;Model AT;2013
183;Jeep;Model CJ;1998
184;GMC;Model X;2023
185;Cadillac;Model AX;1990
186;Mitsubishi;Model AE;1999
187;Jeep;Model BK;1997
188;FAW;Model CB;2021
189;Aston Martin;Model AG;2015
190;Infiniti;Model V;2024
191;Cadillac;Model D;2001
192;Acura;Model CF;2022
193;Maruti Suzuki;Model W;1993
194;Volvo;Model H;1993
195;Daihatsu;Model H;2003
196;Ford;Model BA;2020
197;Opel;Model BO;2009
198;De Tomaso;Model Q;2018
199;Dodge;Model AT;2004
200;Morgan;Model BJ;1994
201;Audi;Model Q;2005
202;Chrysler;Model AX;1999
203;Land Rover;Model CG;2009
204;Maserati;Model W;2000
205;Infiniti;Model BI;2011
206;Lexus;Model N;2019
207;FAW;Model AX;2021
208;Ruf;Model CE;2021
209;Jaguar;Model BK;2001
210;Geely;Model BC;2009
211;Singer;Model I;2008
212;Tata;Model BC;2020
213;Koenigsegg;Model CD;2023
214;Opel;Model CE;1990
215;Zenvo;Model G;2023
216;Rolls-Royce;Model AR;1994
217;Acura;Model BD;1992
218;Holden;Model Q;2001
219;Caterham;Model AL;1993
220;Ruf;Model AZ;2014
221;Chevrolet;Model R;2005
222;Porsche;Model BO;2016
223;Fisker;Model BX;2024
224;Vauxhall;Model AH;2024
225;Acura;Model AU;1992
226;Buick;Model AH;1992
227;Qvale;Model BD;2011
228;Suzuki;Model BJ;2017
229;Buick;Model AA;2001
230;Laraki;Model AI;2008
231;Jeep;Model U;2012
232;Geely;Model AX;2019
233;Lexus;Model AJ;2001
234;Lamborghini;Model BQ;2024
235;Morgan;Model BG;2005
236;Mazda;Model AM;2020
237;Ginetta;Model R;2006
238;Haval;Model H;1998
239;Fiat;Model CE;2005
240;Porsche;Model AE;2007
241;Caterham;Model AT;1993
242;Ford;Model CF;2016
243;Audi;Model AP;2003
244;Skoda;Model AI;2016
245;Radical;Model W;2011
246;Spyker;Model H;2013
247;Bentley;Model CA;2007
248;Toyota;Model Y;2019
249;Dodge;Model AV;1990
250;Ginetta;Model CE;2006
251;AC;Model AJ;2020
252;Citroen;Model AH;2000
253;Ginetta;Model AV;2015
254;Dodge;Model CF;2012
255;Jaguar;Model AE;2019
256;Ascari;Model CH;2011
257;Daewoo;Model U;2017
258;Mahindra;Model Q;1999
259;Citroen;Model AU;2019
260;Suzuki;Model BQ;2006
261;Caterham;Model BD;2004
262;Singer;Model BY;2013
263;Holden;Model X;2014
264;Qvale;Model E;2014
265;Ascari;Model R;2022
266;Caterham;Model R;2018
267;Volvo;Model AX;2006
268;Kia;Model AR;1998
269;Marcos;Model AH;2006
270;Porsche;Model I;2010
271;Ruf;Model AJ;2006
272;Nissan;Model BI;2021
273;Lamborghini;Model BX;1999
274;Qvale;Model BH;2023
275;Peugeot;Model AH;1990
276;Volkswagen;Model BQ;2020
277;Suzuki;Model AA;2020
278;Fiat;Model AK;2003
279;Mazda;Model K;2000
280;Opel;Model G;2020
281;TVR;Model P;2005
282;Saab;Model U;2010
283;Mini;Model AZ;1995
284;Donkervoort;Model M;2023
285;Mercedes-Benz;Model Z;2021
286;Apollo;Model AJ;2020
287;Scion;Model AX;1995
288;Fiat;Model AQ;2016
289;Opel;Model BF;1999
290;Peugeot;Model K;2000
291;Seat;Model AH;1993
292;Haval;Model S;2008
293;Apollo;Model AS;1994
294;Holden;Model AT;2012
295;Singer;Model N;1990
296;Singer;Model C;1990
297;Marcos;Model K;1999
298;Lincoln;Model BH;2014
299;FAW;Model AZ;2016
300;Panoz;Model E;2020
301;Mahindra;Model Q;1998
302;Koenigsegg;Model AN;2012
303;Donkervoort;Model BJ;2019
304;Caterham;Model AA;2002
305;Lincoln;Model BQ;2001
306;Laraki;Model CC;2006
307;Daihatsu;Model BO;2013
308;Spyker;Model BN;2000
309;Chrysler;Model BK;2003
310;GMC;Model BR;1997
311;Spyker;Model BS;2005
312;Vauxhall;Model AK;2015
313;Isuzu;Model BN;1999
314;Land Rover;Model AF;2021
315;Chevrolet;Model W;2015
316;Toyota;Model BP;2003
317;Infiniti;Model BC;1990
318;Vauxhall;Model P;2000
319;Pagani;Model AS;2010
320;Pagani;Model CK;2016
321;Perodua;Model AR;2007
322;Koenigsegg;Model AV;2005
323;Toyota;Model D;2000
324;Daewoo;Model BY;2015
325;Cadillac;Model AK;2021
326;Pagani;Model CH;2015
327;SsangYong;Model AU;2014
328;Acura;Model AH;1994
329;Mercedes-Benz;Model U;1999
330;Tesla;Model CA;2009
331;Chery;Model AA;2006
332;Zenvo;Model BI;2024
333;Mazda;Model BN;2010
334;Ultima;Model AI;1998
335;Great Wall;Model BP;2001
336;Panoz;Model E;2022
337;Infiniti;Model BP;2007
338;Singer;Model BA;2001
339;Caterham;Model O;2003
340;Chevrolet;Model AR;2016
341;Skoda;Model N;1999
342;Cadillac;Model M;2006
343;Buick;Model BG;2010
344;Ruf;Model AO;2004
345;Ultima;Model BZ;2001
346;Toyota;Model U;1991
347;Lamborghini;Model N;2005
348;Geely;Model W;1998
349;Scion;Model BN;2016
350;Suzuki;Model AX;1994
351;Maserati;Model BZ;2024
352;Rolls-Royce;Model AZ;2004
353;Rolls-Royce;Model BL;2008
354;Dacia;Model BJ;1996
355;Ginetta;Model BD;1991
356;Smart;Model T;2000
357;Toyota;Model S;2004
358;Radical;Model R;1992
359;Dodge;Model S;1992
360;Caterham;Model AR;2002
361;Land Rover;Model BW;2002
362;Fiat;Model L;1992
363;Ascari;Model G;2011
364;Ferrari;Model AK;2016
365;Ram;Model BV;1997
366;Aston Martin;Model AX;2005
367;Fisker;Model I;2017
368;Daihatsu;Model C;2022
369;Infiniti;Model B;2009
370;Cadillac;Model BH;2023
371;AC;Model BS;1996
372;Qvale;Model T;2002
373;Lexus;Model R;1999
374;Infiniti;Model AO;2017
375;Aston Martin;Model CD;2020
376;Koenigsegg;Model V;2018
377;Alfa Romeo;Model P;2008
378;Porsche;Model X;2015
379;Chevrolet;Model AE;2021
380;Bentley;Model N;1995
381;Renault;Model AQ;2002
382;Spyker;Model BE;1990
383;Isuzu;Model Y;2011
384;Alfa Romeo;Model I;2001
385;Isuzu;Model AE;2000
386;Mini;Model CF;1992
387;AC;Model BY;2002
388;Mahindra;Model CB;2014
389;Plymouth;Model BK;2004
390;Mitsubishi;Model O;2008
391;Honda;Model Z;2001
392;Hyundai;Model AX;2011
393;FAW;Model CH;2016
394;Singer;Model BB;2021
395;Geely;Model AO;2022
396;Cadillac;Model AU;1992
397;Suzuki;Model X;2001
398;BMW;Model BC;2001
399;Acura;Model BK;2022
400;Suzuki;Model AT;1997
401;Aston Martin;Model G;2013
402;Proton;Model BC;1993
403;Mitsubishi;Model BI;1998
404;Holden;Model AL;2017
405;Skoda;Model G;2017
406;Toyota;Model AR;1998
407;Bristol;Model AW;2001
408;Volvo;Model T;2007
409;Skoda;Model AM;2021
410;Jaguar;Model AO;2019
411;Bugatti;Model E;2013
412;Ginetta;Model U;2007
413;Bentley;Model AD;2021
414;Acura;Model CB;2023
415;Opel;Model AN;2018
416;Singer;Model BZ;2012
417;Panoz;Model BE;2000
418;Donkervoort;Model Q;2018
419;Maserati;Model AR;1995
420;FAW;Model BW;2020
421;Qvale;Model AU;1992
422;Proton;Model P;2014
423;Tesla;Model A;1992
424;Skoda;Model AS;2006
425;Ford;Model BA;2019
426;Coda;Model F;2023
427;Nissan;Model BG;2021
428;Apollo;Model CI;2021
429;Ram;Model S;2022
430;TVR;Model AL;2010
431;Seat;Model CG;1997
432;Acura;Model M;2011
433;Marcos;Model B;1991
434;Noble;Model BT;1995
435;Noble;Model AD;1998
436;Pagani;Model S;1997
437;Audi;Model R;2011
438;GMC;Model F;2004
439;Singer;Model BE;2011
440;Buick;Model BA;2001
441;Wiesmann;Model W;2002
442;Lexus;Model T;2019
443;Saleen;Model G;2005
444;Audi;Model A;2016
445;Skoda;Model AR;2022
446;Ford;Model R;2024
447;Hyundai;Model BT;2013
448;SsangYong;Model BU;2021
449;BMW;Model BA;1995
450;Mini;Model BX;1992
451;Honda;Model BF;2016
452;Lancia;Model AI;2023
453;Infiniti;Model BQ;2000
454;BYD;Model AD;2012
455;Infiniti;Model K;1990
456;Saleen;Model W;2016
457;Qvale;Model AE;2023
458;Caterham;Model X;2004
459;Saleen;Model W;2011
460;Rolls-Royce;Model BJ;1992
461;Pagani;Model BP;2006
462;Dodge;Model BK;2001
463;Radical;Model BW;2003
464;Cadillac;Model BT;2002
465;Holden;Model AT;2013
466;BYD;Model BE;2018
467;FAW;Model BR;2004
468;Noble;Model AF;2023
469;Isuzu;Model Y;1994
470;Rover;Model BM;1994
471;Saab;Model N;2003
472;Maserati;Model I;2000
473;Holden;Model AW;2006
474;Audi;Model BV;1991
475;Lincoln;Model BT;2018
476;Marcos;Model V;2021
477;De Tomaso;Model BL;1990
478;Mahindra;Model CB;1999
479;Aston Martin;Model BJ;2019
480;Saab;Model AJ;2017
481;Opel;Model CJ;2018
482;Subaru;Model AV;2018
483;Mini;Model AL;2003
484;Mercedes-Benz;Model AL;2002
485;Geely;Model F;2021
486;TVR;Model X;2021
487;Lincoln;Model BR;2023
488;Kia;Model W;1999
489;Tata;Model AV;2016
490;Citroen;Model K;2017
491;Holden;Model S;1997
492;Land Rover;Model BS;1998
493;Laraki;Model X;2015
494;Holden;Model BS;1996
495;Chery;Model AW;2004
496;Skoda;Model AO;1999
497;Jeep;Model BA;2023
498;De Tomaso;Model O;2013
499;Qvale;Model CF;2019
500;Scion;Model AX;2016
501;Chrysler;Model AO;2016
502;Panoz;Model B;2021
503;Maruti Suzuki;Model AO;2024
504;Acura;Model H;1994
505;Plymouth;Model AC;2024
506;AC;Model AD;2005
507;Cadillac;Model AB;2024
508;Maserati;Model CE;2005
509;Lincoln;Model AP;2014
510;BMW;Model BM;2019
511;Infiniti;Model AC;2007
512;Cadillac;Model AS;2001
513;Fiat;Model A;1999
514;Donkervoort;Model M;2011
515;Opel;Model T;2014
516;Apollo;Model O;2014
517;Ruf;Model AZ;2006
518;Koenigsegg;Model AG;2020
519;Perodua;Model BT;2020
520;Vauxhall;Model AI;1993
521;Ford;Model BH;1993
522;Perodua;Model BQ;2001
523;BMW;Model AX;2010
524;SsangYong;Model BS;2005
525;Qvale;Model A;2012
526;Nissan;Model BS;2022
527;Lexus;Model U;1993
528;Radical;Model AN;2019
529;Dacia;Model AW;2018
530;Bugatti;Model CF;2012
531;Smart;Model BD;2019
532;Spyker;Model P;2005
533;Ariel;Model AB;2010
534;Daihatsu;Model L;1991
535;Lamborghini;Model CJ;2023
536;Holden;Model AB;2003
537;Tesla;Model CK;2024
538;Rolls-Royce;Model BZ;2018
539;BYD;Model BY;2017
540;Ariel;Model Y;2001
541;Perodua;Model BQ;2023
542;Zenvo;Model CE;1991
543;Apollo;Model AB;2004
544;Koenigsegg;Model CK;2017
545;Fisker;Model C;1999
546;Perodua;Model H;2016
547;Opel;Model BW;2022
548;Plymouth;Model AN;2002
549;Noble;Model E;2019
550;Suzuki;Model H;2001
551;Mitsubishi;Model BH;1998
552;Honda;Model BM;2017
553;Dodge;Model V;2005
554;Marcos;Model R;1993
555;Scion;Model V;2003
556;Morgan;Model BW;2012
557;Lexus;Model BD;2024
558;Citroen;Model BE;1991
559;Ultima;Model CG;2011
560;Hyundai;Model BX;2024
561;Perodua;Model AT;1994
562;Lexus;Model BV;1994
563;Koenigsegg;Model N;2016
564;Ascari;Model CF;2005
565;Chrysler;Model AW;2010
566;Perodua;Model BA;1992
567;BYD;Model BF;1999
568;Mahindra;Model AA;2011
569;Scion;Model D;2024
570;Opel;Model X;2023
571;Daewoo;Model BE;1990
572;Mazda;Model V;2020
573;Spyker;Model Q;1998
574;Porsche;Model BK;2020
575;Proton;Model BT;2015
576;Nissan;Model CA;2001
577;GMC;Model E;2014
578;Noble;Model AL;1996
579;Mazda;Model U;1990
580;Land Rover;Model W;2020
581;Land Rover;Model AR;1992
582;SsangYong;Model BR;2011
583;Acura;Model BB;2002
584;FAW;Model AN;2008
585;Caterham;Model N;1994
586;Spyker;Model U;2019
587;Bugatti;Model F;2016
588;Porsche;Model U;1993
589;SsangYong;Model CA;2022
590;Caterham;Model AA;1991
591;Panoz;Model BL;2024
592;Radical;Model I;2007
593;Ford;Model CC;2024
594;Seat;Model CL;2006
595;Cadillac;Model AN;2020
596;Singer;Model AE;1997
597;Holden;Model Z;2022
598;Lancia;Model CE;2010
599;Porsche;Model M;2020
600;Buick;Model AT;2019
601;Ruf;Model BK;2009
602;Isuzu;Model BV;1993
603;Saleen;Model AM;2000
604;Noble;Model AT;2005
605;Plymouth;Model CH;2014
606;Ariel;Model F;2003
607;Daihatsu;Model CK;1993
608;Citroen;Model CJ;2000
609;Citroen;Model AI;2003
610;Land Rover;Model M;2012
611;Citroen;Model AA;2024
612;BMW;Model BV;1995
613;Volvo;Model Z;2014
614;Tesla;Model BD;2018
615;FAW;Model CG;2006
616;Mini;Model BE;2022
617;Mazda;Model BV;1990
618;SsangYong;Model BO;2007
619;Spyker;Model AA;2020
620;Chevrolet;Model G;2021
621;Jaguar;Model I;2015
622;Cadillac;Model AN;2006
623;Panoz;Model AD;2006
624;Mercedes-Benz;Model CA;2017
625;Chery;Model AV;2024
626;Fisker;Model AA;2003
627;Daihatsu;Model U;1992
628;Caterham;Model BJ;2002
629;Plymouth;Model L;1998
630;GMC;Model BC;2000
631;GMC;Model AC;2009
632;Mitsubishi;Model AT;2001
633;Suzuki;Model BL;2000
634;Nissan;Model BF;2020
635;Dodge;Model CB;1997
636;Volvo;Model BV;2005
637;Bugatti;Model BQ;2008
638;Suzuki;Model BR;2009
639;AC;Model CB;2007
640;Porsche;Model AI;2002
641;Mahindra;Model BS;2024
642;Rolls-Royce;Model AD;2015
643;Ram;Model BE;2005
644;Porsche;Model A;2022
645;Ascari;Model C;2009
646;Haval;Model AK;2021
647;Mini;Model BJ;2006
648;Aston Martin;Model AS;2014
649;Ginetta;Model T;1998
650;Alfa Romeo;Model D;2000
651;Peugeot;Model BM;2012
652;Saab;Model AR;2009
653;Morgan;Model AP;2013
654;Buick;Model BY;2023
655;Rover;Model CA;2009
656;Donkervoort;Model A;2008
657;Mazda;Model E;2017
658;Skoda;Model BN;2012
659;Singer;Model U;2008
660;Lincoln;Model CA;2001
661;Buick;Model AJ;2007
662;AC;Model AJ;2023
663;Marcos;Model BT;2013
664;GMC;Model BH;2024
665;Isuzu;Model V;1997
666;Marcos;Model AF;1999
667;Mahindra;Model CI;2009
668;TVR;Model AQ;2021
669;Daewoo;Model T;2020
670;Rover;Model BR;2008
671;Ford;Model BD;2024
672;Spyker;Model H;2017
673;Lincoln;Model BO;2024
674;Peugeot;Model C;2017
675;Audi;Model M;2023
676;Vauxhall;Model Q;1993
677;Mini;Model CD;2010
678;Mitsubishi;Model B;2004
679;Maserati;Model CK;2011
680;Acura;Model BO;1999
681;Daewoo;Model AE;2000
682;Ascari;Model AW;1999
683;Fisker;Model AU;1995
684;Toyota;Model P;2020
685;BMW;Model A;1991
686;Ascari;Model AW;1996
687;Chery;Model AV;2012
688;Fiat;Model AA;1993
689;Qvale;Model BW;1990
690;Laraki;Model AT;2015
691;GMC;Model AR;2014
692;Mercedes-Benz;Model CC;2013
693;Mitsubishi;Model Z;1992
694;Bentley;Model Q;1993
695;Donkervoort;Model BU;2005
696;Audi;Model BC;2021
697;Panoz;Model I;2024
698;Ultima;Model AG;2009
699;Plymouth;Model BP;2009
700;Geely;Model BV;2005
701;Dodge;Model BY;2004
702;Aston Martin;Model E;1992
703;Daihatsu;Model AX;2018
704;Holden;Model AJ;1994
705;Maserati;Model AI;1998
706;Saleen;Model AO;2023
707;Lexus;Model W;2010
708;Jeep;Model CK;2002
709;Perodua;Model BF;2022
710;Koenigsegg;Model CJ;2004
711;Ultima;Model BG;2003
712;Ascari;Model AQ;2011
713;Donkervoort;Model N;2009
714;SsangYong;Model AY;2004
715;Tata;Model Y;2010
716;Isuzu;Model R;2002
717;Noble;Model D;2014
718;Panoz;Model BG;2011
719;Skoda;Model CL;2017
720;Toyota;Model BM;2011
721;Lincoln;Model BP;2011
722;Skoda;Model AJ;2011
723;Lincoln;Model O;2014
724;Rover;Model V;2012
725;Spyker;Model BG;1992
726;Fisker;Model BO;2016
727;Maserati;Model BG;1991
728;Isuzu;Model Y;2021
729;Tata;Model T;1995
730;Radical;Model BG;2018
731;Apollo;Model F;2018
732;Seat;Model AH;1995
733;Koenigsegg;Model BB;1994
734;Saleen;Model X;2000
735;Ascari;Model AZ;2020
736;Chevrolet;Model AY;2004
737;Bristol;Model W;1996
738;Saleen;Model K;1995
739;Geely;Model A;2005
740;Laraki;Model BA;2017
741;Tesla;Model CD;1993
742;Skoda;Model E;1995
743;Ruf;Model CL;2001
744;Dodge;Model BX;2016
745;Porsche;Model BC;2024
746;Noble;Model L;1994
747;Ram;Model AN;2020
748;Ultima;Model AD;2021
749;Mini;Model CH;2024
750;Kia;Model CE;1990
751;Hyundai;Model N;1995
752;Saleen;Model A;2015
753;BYD;Model BB;2007
754;Haval;Model L;2004
755;Mitsubishi;Model I;2022
756;Maserati;Model BP;1999
757;Tesla;Model AD;2014
758;Bugatti;Model AK;2004
759;Aston Martin;Model CG;2006
760;Subaru;Model H;1999
761;Ferrari;Model CG;2010
762;Toyota;Model BL;2003
763;BYD;Model BB;2012
764;Holden;Model BI;1998
765;Citroen;Model BB;2005
766;Great Wall;Model W;1992
767;Tesla;Model BD;2002
768;Maruti Suzuki;Model CA;2004
769;Laraki;Model BM;2008
770;Bentley;Model BS;2016
771;SsangYong;Model CK;1999
772;Toyota;Model AW;2002
773;Perodua;Model AX;2003
774;Renault;Model W;2019
775;Tata;Model AW;1991
776;Ariel;Model BQ;2015
777;Ruf;Model W;2000
778;Fiat;Model CE;1996
779;Coda;Model BO;2002
780;Jeep;Model E;2022
781;Wiesmann;Model BT;2020
782;Geely;Model AV;2015
783;Lexus;Model BW;2016
784;Coda;Model CJ;2004
785;Acura;Model AO;1994
786;Spyker;Model AE;2015
787;Scion;Model AA;2015
788;Perodua;Model BH;2024
789;Dodge;Model BW;1997
790;Fiat;Model AC;1995
791;Singer;Model BA;1990
792;Marcos;Model G;1992
793;BYD;Model BO;2006
794;Koenigsegg;Model N;2016
795;Plymouth;Model BG;1996
796;Lamborghini;Model BW;1999
797;Ariel;Model CB;2012
798;Acura;Model BX;2021
799;Citroen;Model BU;2011
800;Maruti Suzuki;Model AR;2004
801;Land Rover;Model AB;1991
802;Singer;Model BY;1991
803;Kia;Model CH;2001
804;TVR;Model AP;1990
805;Ascari;Model G;1991
806;Jaguar;Model AR;1998
807;Fiat;Model AF;1999
808;Haval;Model AG;2010
809;AC;Model CE;1992
810;Zenvo;Model AH;2018
811;Scion;Model BR;2022
812;Land Rover;Model L;2018
813;Alfa Romeo;Model BO;2022
814;Lamborghini;Model AZ;2018
815;Holden;Model AD;1992
816;Bugatti;Model BC;2014
817;Lancia;Model BO;2023
818;Scion;Model AQ;2020
819;Bristol;Model BG;2023
820;Caterham;Model AP;2017
821;Renault;Model AN;1999
822;Land Rover;Model Q;2016
823;Holden;Model AX;2019
824;Smart;Model AH;2017
825;Ascari;Model CL;1996
826;Mahindra;Model V;1997
827;Alfa Romeo;Model CF;2001
828;Ginetta;Model BK;1992
829;Qvale;Model BT;2020
830;Daewoo;Model BS;2012
831;Mini;Model B;2006
832;Lancia;Model BB;2006
833;Subaru;Model AT;2021
834;Morgan;Model AK;2003
835;Peugeot;Model AQ;2010
836;Dodge;Model D;2010
837;Maserati;Model BM;2008
838;Smart;Model BJ;2003
839;Citroen;Model S;1998
840;Suzuki;Model AU;2006
841;Lamborghini;Model BH;2005
842;Panoz;Model CC;2008
843;De Tomaso;Model AI;2006
844;Scion;Model AL;1995
845;Ariel;Model BF;1992
846;Ascari;Model AY;2024
847;Laraki;Model BR;2020
848;Great Wall;Model BJ;2006
849;Mazda;Model AE;2013
850;Smart;Model AI;2000
851;TVR;Model AB;2000
852;Coda;Model BB;1996
853;Daihatsu;Model Z;2009
854;Mercedes-Benz;Model AP;2024
855;TVR;Model BI;2014
856;Daewoo;Model P;2007
857;Acura;Model AZ;2024
858;BMW;Model AU;1991
859;TVR;Model BV;1999
860;Bentley;Model BK;2000
861;BMW;Model BP;2019
862;Daewoo;Model BP;2014
863;Coda;Model BN;2006
864;Proton;Model CI;2019
865;Marcos;Model BS;2012
866;Honda;Model AL;1996
867;Rover;Model AM;2020
868;Opel;Model BA;2019
869;Maserati;Model AH;2023
870;Dodge;Model AA;2012
871;Opel;Model AS;2024
872;Noble;Model W;2022
873;Ferrari;Model AW;2020
874;Perodua;Model AL;2024
875;Mitsubishi;Model S;2015
876;Nissan;Model V;1996
877;Rolls-Royce;Model BF;1992
878;Caterham;Model AK;2000
879;Acura;Model R;2011
880;Maruti Suzuki;Model C;1999
881;Ginetta;Model AN;2023
882;Saab;Model AC;2020
883;Seat;Model BK;2015
884;Apollo;Model CI;1990
885;Seat;Model L;2013
886;Renault;Model AP;2010
887;De Tomaso;Model BM;2008
888;Lancia;Model CH;1998
889;Jeep;Model BU;2009
890;Lancia;Model O;1998
891;Aston Martin;Model Z;2015
892;Chevrolet;Model AC;2013
893;Honda;Model CL;2021
894;Volkswagen;Model AL;2004
895;Ferrari;Model AM;2012
896;Jaguar;Model AN;2018
897;Mini;Model BU;1990
898;Dacia;Model BI;1996
899;Mini;Model AZ;1994
900;Hyundai;Model AH;2004
901;Volkswagen;Model BX;2006
902;BMW;Model AR;2008
903;Ruf;Model C;2018
904;Chrysler;Model BL;2010
905;BYD;Model J;2011
906;Donkervoort;Model B;2020
907;Citroen;Model AK;2007
908;Haval;Model CG;2000
909;Noble;Model BT;1993
910;Chrysler;Model Z;1996
911;Morgan;Model BO;2000
912;GMC;Model AS;2005
913;Infiniti;Model BT;2008
914;Saab;Model AG;2019
915;Haval;Model BH;2008
916;Scion;Model AG;2017
917;Dodge;Model AR;2023
918;Rolls-Royce;Model CD;1998
919;Maserati;Model AW;2016
920;Fisker;Model CE;2012
921;Hyundai;Model BN;2019
922;TVR;Model BN;2011
923;Volkswagen;Model CJ;2001
924;Isuzu;Model CJ;2021
925;Porsche;Model BC;1990
926;GMC;Model H;1995
927;Apollo;Model BR;1995
928;GMC;Model AK;2019
929;Singer;Model BO;1991
930;Porsche;Model AT;2010
931;Panoz;Model AK;2011
932;Ariel;Model BY;1994
933;Mini;Model AA;2017
934;GMC;Model AX;2022
935;Ford;Model U;2007
936;Morgan;Model AO;2005
937;Noble;Model AC;2012
938;Saab;Model BG;1992
939;SsangYong;Model AA;2008
940;Smart;Model C;1996
941;Chevrolet;Model BX;2005
942;Wiesmann;Model CC;1997
943;Donkervoort;Model M;1995
944;Apollo;Model BX;2022
945;Tesla;Model S;1998
946;Vauxhall;Model AB;1994
947;Nissan;Model BH;2002
948;Apollo;Model CD;2006
949;Buick;Model B;2000
950;Laraki;Model D;2021
951;Lincoln;Model CD;1997
952;Citroen;Model CC;1998
953;Dodge;Model AT;2006
954;Lamborghini;Model J;2005
955;BMW;Model BD;1997
956;Suzuki;Model A;2010
957;Wiesmann;Model BD;2008
958;Great Wall;Model J;2008
959;Great Wall;Model AC;2000
960;Skoda;Model U;2010
961;Ferrari;Model O;1991
962;Plymouth;Model CJ;2001
963;Great Wall;Model S;2009
964;Mercedes-Benz;Model BC;2023
965;TVR;Model D;2023
966;TVR;Model AA;2008
967;Tata;Model AU;1994
968;BMW;Model AF;2020
969;Saleen;Model AQ;1995
970;Maserati;Model BJ;2012
971;Land Rover;Model BO;2021
972;Geely;Model CD;2012
973;Coda;Model E;2019
974;Hyundai;Model BM;2001
975;Aston Martin;Model BI;2005
976;Marcos;Model AV;2012
977;Porsche;Model BY;2008
978;Mahindra;Model C;2002
979;GMC;Model AD;2024
980;TVR;Model Y;1995
981;Jaguar;Model CI;2023
982;Honda;Model M;2022
983;Ariel;Model BP;2014
984;De Tomaso;Model U;2022
985;Infiniti;Model E;1992
986;Panoz;Model N;2017
987;Lexus;Model AY;1992
988;Acura;Model AJ;2015
989;Renault;Model AX;1990
990;Saab;Model H;1996
991;Donkervoort;Model D;2012
992;Ariel;Model AF;2000
993;Bentley;Model Z;2009
994;Morgan;Model CG;2008
995;Pagani;Model Z;1994
996;Suzuki;Model BX;2008
997;Mini;Model Q;2007
998;Suzuki;Model L;2022
999;Mercedes-Benz;Model BO;2001
1000;Land Rover;Model CF;2001
1001;Tata;Model BH;2001
1002;AC;Model BH;2012
1003;Volvo;Model BO;2015
1004;De Tomaso;Model AS;2001
1005;TVR;Model AF;2007
1006;Infiniti;Model Y;2020
1007;Buick;Model CK;1999
1008;Geely;Model Z;2024
1009;Ascari;Model BD;2018
1010;AC;Model T;1999
1011;Lexus;Model U;2010
1012;Jeep;Model CA;2001
1013;Caterham;Model BJ;2024
1014;De Tomaso;Model BU;1991
1015;Ultima;Model AY;2001
1016;Smart;Model AA;2013
1017;AC;Model AG;1995
1018;Smart;Model BX;1998
1019;Audi;Model O;2008
1020;De Tomaso;Model BU;2015
1021;Jeep;Model AN;2022
1022;TVR;Model BU;2018
1023;Radical;Model K;2018
1024;Chevrolet;Model BY;1992
1025;Jeep;Model BV;1991
1026;Mazda;Model AQ;1994
1027;Seat;Model BG;2015
1028;BMW;Model BC;2001
1029;Proton;Model T;2000
1030;Chery;Model AX;2017
1031;Acura;Model BV;1995
1032;Alfa Romeo;Model B;1995
1033;Perodua;Model AY;2018
1034;Chevrolet;Model Q;1991
1035;Zenvo;Model AT;1996
1036;Subaru;Model O;1995
1037;Citroen;Model AN;2007
1038;Volvo;Model BO;2004
1039;Singer;Model BO;1996
1040;Seat;Model P;2014
1041;Pagani;Model AX;1994
1042;Radical;Model AC;1990
1043;BYD;Model O;1996
1044;Radical;Model C;2014
1045;Jaguar;Model AT;1997
1046;Saleen;Model R;2012
1047;AC;Model AS;2006
1048;Chery;Model BX;2012
1049;Bugatti;Model P;1998
1050;Chevrolet;Model AA;2007
1051;Buick;Model AD;2017
1052;Aston Martin;Model BY;1992
1053;Opel;Model BE;1995
1054;BMW;Model AV;2000
1055;Bentley;Model BJ;1990
1056;Opel;Model T;2019
1057;Volkswagen;Model AB;2006
1058;Mini;Model BH;2015
1059;Opel;Model CC;1995
1060;Mini;Model CG;2008
1061;Lexus;Model BA;2024
1062;Wiesmann;Model P;2008
1063;Marcos;Model H;2018
1064;Kia;Model AL;2021
1065;Pagani;Model CG;2016
1066;Donkervoort;Model BJ;2016
1067;Porsche;Model AW;2002
1068;Laraki;Model BV;2010
1069;Acura;Model AB;2023
1070;Jeep;Model AE;2006
1071;Lexus;Model BX;1991
1072;Opel;Model AP;2015
1073;Laraki;Model BS;2018
1074;Audi;Model AZ;1992
1075;Pagani;Model W;2010
1076;Alfa Romeo;Model Z;2003
1077;Infiniti;Model CE;2024
1078;Singer;Model CG;2023
1079;Fiat;Model I;2008
1080;Saleen;Model AC;2018
1081;Vauxhall;Model AE;2021
1082;Wiesmann;Model BW;2015
1083;Holden;Model AQ;1994
1084;Ford;Model AL;1996
1085;Proton;Model BV;1994
1086;BYD;Model G;1991
1087;Dacia;Model AY;2022
1088;Citroen;Model AM;1998
1089;Laraki;Model V;1990
1090;Toyota;Model A;2023
1091;Volkswagen;Model N;2002
1092;Suzuki;Model C;1993
1093;Audi;Model AT;2001
1094;Daewoo;Model O;2012
1095;Nissan;Model BM;1998
1096;Renault;Model O;2024
1097;Ram;Model P;2009
1098;Opel;Model AL;2023
1099;Kia;Model E;2016
1100;Lexus;Model AO;2003
1101;Volvo;Model AO;2016
1102;Maruti Suzuki;Model AP;2020
1103;Maruti Suzuki;Model L;2014
1104;Lancia;Model M;2022
1105;Volkswagen;Model AW;2022
1106;BMW;Model E;1993
1107;Lancia;Model CG;2007
1108;Mazda;Model BV;1992
1109;BMW;Model AH;1997
1110;GMC;Model AF;2009
1111;Peugeot;Model BZ;2021
1112;TVR;Model CI;2023
1113;AC;Model AK;1992
1114;Bentley;Model Q;2005
1115;Ultima;Model CK;2004
1116;Subaru;Model BW;2000
1117;Koenigsegg;Model BB;2013
1118;Caterham;Model BD;2013
1119;Koenigsegg;Model BQ;1991
1120;Coda;Model BD;2019
1121;Chevrolet;Model AG;2020
1122;Tata;Model BL;2024
1123;Renault;Model AH;2018
1124;Chevrolet;Model AN;1999
1125;Holden;Model AL;1999
1126;BMW;Model B;1995
1127;Buick;Model M;2014
1128;Coda;Model BL;2016
1129;Mercedes-Benz;Model BI;2007
1130;Fiat;Model AB;2007
1131;Daewoo;Model CF;2012
1132;Audi;Model BK;2018
1133;De Tomaso;Model AI;2004
1134;Peugeot;Model B;2023
1135;Renault;Model BB;2003
1136;Perodua;Model AP;2005
1137;Ruf;Model CF;1993
1138;Opel;Model CA;2009
1139;Mahindra;Model BC;1999
1140;Dodge;Model D;2019
1141;Mahindra;Model T;1999
1142;Volkswagen;Model G;2012
1143;Toyota;Model G;1996
1144;Noble;Model CI;1990
1145;Ford;Model R;2003
1146;Peugeot;Model BE;2007
1147;Plymouth;Model AU;2010
1148;Hyundai;Model BX;2024
1149;Singer;Model AY;1996
1150;Opel;Model AH;2003
1151;Morgan;Model BW;1991
1152;Proton;Model AV;2019
1153;Apollo;Model CB;2003
1154;Pagani;Model CA;2007
1155;Cadillac;Model T;2007
1156;Mini;Model CG;1993
1157;Ford;Model AR;2008
1158;Mazda;Model BB;1996
1159;Apollo;Model M;2002
1160;Daewoo;Model AW;1990
1161;Aston Martin;Model AD;2001
1162;Donkervoort;Model AX;2019
1163;Singer;Model BH;2008
1164;Scion;Model AV;1999
1165;Hyundai;Model BR;2004
1166;Ascari;Model BK;1996
1167;Lamborghini;Model BQ;2024
1168;Alfa Romeo;Model R;2012
1169;Ultima;Model BG;2012
1170;Lamborghini;Model AM;1990
1171;Mercedes-Benz;Model E;2013
1172;Tata;Model BG;2014
1173;Maserati;Model AK;2004
1174;Scion;Model AL;2024
1175;Mini;Model AE;2023
1176;Isuzu;Model R;1998
1177;Ruf;Model CC;2015
1178;Scion;Model BR;2002
1179;Dacia;Model AG;2014
1180;Koenigsegg;Model AS;1996
1181;Buick;Model T;2020
1182;Singer;Model BD;1990
1183;Chrysler;Model BZ;1993
1184;Tesla;Model CG;1990
1185;Maserati;Model CD;2000
1186;Fiat;Model D;2009
1187;Rolls-Royce;Model BB;2018
1188;Ferrari;Model AA;1999
1189;Qvale;Model BK;2013
1190;Audi;Model D;2014
1191;Daewoo;Model BF;1999
1192;Scion;Model CD;2005
1193;Skoda;Model R;2004
1194;Lancia;Model V;1997
1195;Buick;Model M;2016
1196;Aston Martin;Model BD;2019
1197;Haval;Model AA;1997
1198;Toyota;Model CA;2013
1199;Dacia;Model M;2009
1200;Fisker;Model AG;2004
1201;Coda;Model Y;1990
1202;Honda;Model BY;2024
1203;Hyundai;Model AY;2023
1204;Spyker;Model AP;2024
1205;Holden;Model X;2007
1206;Saab;Model CH;2024
1207;BMW;Model AJ;2012
1208;Ram;Model AG;1991
1209;De Tomaso;Model Q;2010
1210;Jaguar;Model AQ;2019
1211;Apollo;Model BR;1997
1212;Isuzu;Model CC;2015
1213;Maruti Suzuki;Model Q;1990
1214;Haval;Model AO;1999
1215;Rolls-Royce;Model R;2005
1216;Mercedes-Benz;Model R;2010
1217;Jeep;Model AO;2018
1218;Tata;Model BW;1996
1219;Zenvo;Model Q;2011
1220;Panoz;Model AN;2004
1221;Donkervoort;Model G;1995
1222;Vauxhall;Model BT;2022
1223;Apollo;Model AM;2010
1224;Volvo;Model AD;1998
1225;Saab;Model AE;1998
1226;Hyundai;Model AH;2003
1227;Renault;Model CJ;2017
1228;Volvo;Model AG;1990
1229;Suzuki;Model AU;2018
1230;Smart;Model L;2011
1231;Daewoo;Model A;1993
1232;Acura;Model AQ;2010
1233;Laraki;Model W;2015
1234;Bentley;Model AJ;2000
1235;BYD;Model CL;2007
1236;Opel;Model AW;2022
1237;Ginetta;Model CA;2015
1238;Qvale;Model BD;2000
1239;Ruf;Model AX;1992
1240;Daihatsu;Model BB;2005
1241;Suzuki;Model BN;2020
1242;Maruti Suzuki;Model BH;2010
1243;Infiniti;Model CA;1990
1244;Hyundai;Model AR;2002
1245;Rolls-Royce;Model BW;2000
1246;AC;Model AF;2015
1247;Porsche;Model AD;2004
1248;Toyota;Model BU;1993
1249;Rover;Model K;2016
1250;Mahindra;Model Y;2001
1251;Isuzu;Model AL;1992
1252;Rolls-Royce;Model CC;1997
1253;Ram;Model S;2023
1254;Koenigsegg;Model AL;1995
1255;Citroen;Model AQ;1994
1256;Ascari;Model Y;1998
1257;Daewoo;Model BZ;2011
1258;Mahindra;Model S;2010
1259;Lexus;Model AF;1991
1260;Holden;Model W;1993
1261;Coda;Model AT;1999
1262;AC;Model BF;1999
1263;Cadillac;Model BO;1990
1264;Hyundai;Model F;2005
1265;Ultima;Model BJ;2023
1266;Chery;Model BX;2006
1267;Singer;Model AU;2024
1268;Volvo;Model W;2014
1269;Peugeot;Model CG;1997
1270;Ginetta;Model BQ;2022
1271;Holden;Model BZ;2002
1272;GMC;Model U;2019
1273;Koenigsegg;Model BY;1998
1274;Audi;Model AP;2016
1275;Chery;Model L;2022
1276;Smart;Model AE;1999
1277;Mercedes-Benz;Model CF;2006
1278;Daewoo;Model BK;2013
1279;Mitsubishi;Model F;2021
1280;Renault;Model BU;2018
1281;Plymouth;Model CD;1994
1282;Volkswagen;Model AD;1997
1283;Lexus;Model BK;2003
1284;SsangYong;Model C;2006
1285;De Tomaso;Model CH;2009
1286;Toyota;Model BU;2010
1287;SsangYong;Model K;2013
1288;Dacia;Model BU;1995
1289;Rover;Model BU;2000
1290;Singer;Model M;2003
1291;Ruf;Model R;1992
1292;Porsche;Model AX;2006
1293;Mahindra;Model CE;2003
1294;Perodua;Model AL;2005
1295;Tesla;Model BZ;1993
1296;Ruf;Model AS;2019
1297;BYD;Model BL;2019
1298;Lincoln;Model O;2017
1299;Plymouth;Model BY;2004
1300;Lincoln;Model BG;2019
1301;Hyundai;Model X;1993
1302;Ascari;Model F;2001
1303;Ultima;Model Z;2006
1304;Donkervoort;Model CD;2004
1305;Bentley;Model BI;2020
1306;Suzuki;Model N;1993
1307;Ultima;Model AB;2020
1308;AC;Model BY;2015
1309;Coda;Model I;2021
1310;Chrysler;Model CI;2019
1311;Mazda;Model AC;2021
1312;Mitsubishi;Model CL;2003
1313;Panoz;Model D;2012
1314;FAW;Model BR;2011
1315;Skoda;Model BY;2018
1316;Singer;Model M;2003
1317;Plymouth;Model AB;2024
1318;Singer;Model C;2014
1319;Volvo;Model AO;2023
1320;FAW;Model N;1991
1321;Geely;Model BE;2007
1322;Volkswagen;Model K;2000
1323;SsangYong;Model AV;1991
1324;Holden;Model BA;1994
1325;Volkswagen;Model AR;2023
1326;Jaguar;Model M;2007
1327;TVR;Model BQ;2005
1328;Zenvo;Model BQ;1992
1329;BMW;Model AO;2016
1330;Wiesmann;Model E;2021
1331;Pagani;Model CK;2014
1332;FAW;Model I;2005
1333;Mercedes-Benz;Model BT;2009
1334;Skoda;Model BE;2020
1335;Ram;Model CB;2015
1336;SsangYong;Model AR;2013
1337;Smart;Model R;2001
1338;Renault;Model AG;2010
1339;Proton;Model B;2012
1340;Isuzu;Model BQ;1993
1341;Volvo;Model CK;1997
1342;Ultima;Model AR;2005
1343;Great Wall;Model AG;2014
1344;Dacia;Model AM;1994
1345;Tata;Model AZ;2016
1346;Aston Martin;Model BO;2013
1347;Citroen;Model L;1998
1348;Laraki;Model O;2005
1349;Aston Martin;Model C;2000
1350;Ascari;Model AC;1993
1351;Lancia;Model BA;2003
1352;Jeep;Model F;2011
1353;Land Rover;Model AA;2012
1354;Tata;Model BB;1999
1355;Wiesmann;Model CL;2006
1356;Lancia;Model BE;1991
1357;Honda;Model O;1997
1358;Ram;Model BI;2011
1359;Bentley;Model AB;2018
1360;Aston Martin;Model BV;2009
1361;Porsche;Model BN;1998
1362;Mahindra;Model AG;2015
1363;Chrysler;Model AE;2012
1364;SsangYong;Model AI;2024
1365;Jaguar;Model BY;2014
1366;Dacia;Model BE;2019
1367;Great Wall;Model AV;2010
1368;Coda;Model L;2011
1369;Nissan;Model F;1998
1370;Mahindra;Model BC;2005
1371;Chrysler;Model BM;2018
1372;Caterham;Model AR;2005
1373;Zenvo;Model CA;2024
1374;Ultima;Model AK;2024
1375;Volkswagen;Model CK;1997
1376;Toyota;Model CE;1995
1377;Dacia;Model AS;2020
1378;Skoda;Model AI;2000
1379;Coda;Model I;1991
1380;Renault;Model N;2022
1381;Rolls-Royce;Model AW;2021
1382;Rover;Model Q;1991
1383;Spyker;Model H;2014
1384;Great Wall;Model V;2014
1385;Geely;Model AB;2002
1386;Spyker;Model BP;2012
1387;Alfa Romeo;Model CK;2001
1388;GMC;Model CF;2022
1389;Mitsubishi;Model CA;2018
1390;Aston Martin;Model AC;2011
1391;Alfa Romeo;Model BU;1997
1392;Chery;Model AM;1991
1393;Nissan;Model AM;2017
1394;Opel;Model BX;1992
1395;Seat;Model AH;2009
1396;Ascari;Model AL;2019
1397;Peugeot;Model AM;1992
1398;Caterham;Model I;2014
1399;Koenigsegg;Model W;2024
1400;Acura;Model AL;2009
1401;Skoda;Model W;2011
1402;Ascari;Model BF;2021
1403;Singer;Model S;2003
1404;Peugeot;Model K;1997
1405;Chery;Model AO;2019
1406;Jeep;Model AQ;2018
1407;Ariel;Model AU;2013
1408;Vauxhall;Model BC;2019
1409;Donkervoort;Model BG;1994
1410;Maruti Suzuki;Model S;2017
1411;Daewoo;Model BE;2011
1412;Volvo;Model BL;2003
1413;Laraki;Model AL;1992
1414;Renault;Model AO;2021
1415;Maserati;Model BT;2016
1416;Mazda;Model CH;2021
1417;Great Wall;Model AN;2022
1418;Fisker;Model AK;1995
1419;Spyker;Model AW;1991
1420;Zenvo;Model AS;2021
1421;Renault;Model AH;2005
1422;Daihatsu;Model M;1998
1423;Peugeot;Model AI;1993
1424;Wiesmann;Model AK;2007
1425;Isuzu;Model BA;2020
1426;Ascari;Model AH;2006
1427;Lincoln;Model CF;2015
1428;Subaru;Model Z;2008
1429;Skoda;Model Y;2016
1430;Ascari;Model L;2019
1431;TVR;Model BX;2024
1432;Dacia;Model AE;2003
1433;Infiniti;Model R;1999
1434;Tesla;Model AJ;1990
1435;Daewoo;Model C;2012
1436;Kia;Model AX;2013
1437;Ruf;Model AN;2024
1438;Chery;Model AZ;2021
1439;Koenigsegg;Model BQ;1998
1440;Ferrari;Model BG;2018
1441;Chevrolet;Model O;2002
1442;GMC;Model CG;2007
1443;Porsche;Model BM;2011
1444;Peugeot;Model T;2021
1445;Volvo;Model S;2020
1446;Perodua;Model H;2015
1447;Mitsubishi;Model W;2016
1448;Honda;Model CJ;2013
1449;Chery;Model E;2017
1450;Skoda;Model BN;1991
1451;Noble;Model AP;1993
1452;Spyker;Model N;1997
1453;Lincoln;Model S;2003
1454;Perodua;Model T;2002
1455;Proton;Model AG;2004
1456;AC;Model AX;2011
1457;Vauxhall;Model W;2014
1458;Donkervoort;Model AL;2018
1459;Mitsubishi;Model BJ;2018
1460;Dodge;Model BG;1997
1461;Panoz;Model AQ;2014
1462;Volvo;Model BH;1994
1463;Caterham;Model CG;1994
1464;Fiat;Model AL;2005
1465;Mitsubishi;Model BR;2004
1466;Mitsubishi;Model AA;2012
1467;Coda;Model CD;2020
1468;Mazda;Model Y;1990
1469;Noble;Model CE;2007
1470;Bristol;Model Z;2006
1471;Honda;Model CC;2002
1472;Buick;Model AI;1995
1473;Skoda;Model AZ;1998
1474;Apollo;Model M;2003
1475;Skoda;Model AS;1990
1476;Marcos;Model BI;2006
1477;Subaru;Model W;1995
1478;Volkswagen;Model AO;2001
1479;Volkswagen;Model BO;2000
1480;Ariel;Model X;1993
1481;Proton;Model AR;2011
1482;Rover;Model AO;2007
1483;Tata;Model AM;2004
1484;Singer;Model BT;1997
1485;Koenigsegg;Model BD;2012
1486;Plymouth;Model AL;2005
1487;Saab;Model H;1995
1488;Isuzu;Model O;2003
1489;Tata;Model L;2009
1490;Holden;Model AL;2010
1491;Aston Martin;Model BE;2024
1492;Dodge;Model BD;2019
1493;Cadillac;Model E;2015
1494;Spyker;Model CE;2009
1495;Lexus;Model Z;1992
1496;Fiat;Model AO;1991
1497;Infiniti;Model BJ;1997
1498;Pagani;Model AG;2005
1499;Jaguar;Model AC;2010
1500;Ruf;Model AV;1993
1501;Infiniti;Model R;2021
1502;Bugatti;Model Y;1990
1503;Ultima;Model CB;2014
1504;AC;Model N;2014
1505;Apollo;Model H;2002
1506;Ascari;Model AP;2021
1507;Ruf;Model BU;2011
1508;AC;Model L;1992
1509;Nissan;Model BO;1994
1510;Dodge;Model A;2020
1511;Haval;Model AW;2021
1512;Great Wall;Model AT;2016
1513;Singer;Model AB;1993
1514;AC;Model BS;1990
1515;Smart;Model Z;2005
1516;Bugatti;Model AF;2020
1517;Lincoln;Model BJ;1992
1518;TVR;Model CC;2003
1519;Ascari;Model B;2014
1520;Wiesmann;Model AF;2011
1521;Chevrolet;Model E;2020
1522;Porsche;Model D;1993
1523;Ascari;Model BK;2004
1524;Subaru;Model CE;2004
1525;Noble;Model AT;2007
1526;Saab;Model K;2014
1527;Mitsubishi;Model R;2008
1528;Nissan;Model Y;1994
1529;Ascari;Model AL;1998
1530;Aston Martin;Model AG;2016
1531;Isuzu;Model P;2010
1532;FAW;Model AP;1991
1533;Dodge;Model AI;2021
1534;Seat;Model CH;2011
1535;Maruti Suzuki;Model BP;1999
1536;Volvo;Model BO;2004
1537;Alfa Romeo;Model BV;2014
1538;Coda;Model AY;2018
1539;Volvo;Model M;1994
1540;Lincoln;Model AI;2011
1541;Skoda;Model AJ;2004
1542;Skoda;Model X;1994
1543;Skoda;Model J;2024
1544;Great Wall;Model C;2023
1545;Chrysler;Model T;2012
1546;BYD;Model K;2010
1547;FAW;Model A;1995
1548;Ruf;Model CF;2022
1549;Nissan;Model BN;1994
1550;Saab;Model AF;2003
1551;Bentley;Model CH;1999
1552;Suzuki;Model BY;2020
1553;Alfa Romeo;Model N;2000
1554;Buick;Model X;1990
1555;Citroen;Model BE;1993
1556;Skoda;Model CC;2009
1557;Rover;Model BE;2011
1558;SsangYong;Model BH;2015
1559;Perodua;Model AX;2001
1560;Ginetta;Model A;2011
1561;Citroen;Model CB;1993
1562;Qvale;Model BF;2010
1563;SsangYong;Model BC;1994
1564;Alfa Romeo;Model BS;1999
1565;Volvo;Model BX;2002
1566;Qvale;Model AN;2006
1567;Morgan;Model BW;2014
1568;Fiat;Model CD;2009
1569;GMC;Model AA;2012
1570;Porsche;Model E;2021
1571;Singer;Model BF;2005
1572;De Tomaso;Model CJ;2012
1573;AC;Model BV;2015
1574;Suzuki;Model AE;2014
1575;Fiat;Model AG;2007
1576;SsangYong;Model BT;2014
1577;Peugeot;Model BK;2003
1578;Noble;Model G;1994
1579;Citroen;Model BC;2007
1580;Fiat;Model AW;1996
1581;Chrysler;Model CI;2006
1582;Mitsubishi;Model CL;2005
1583;Citroen;Model BL;2016
1584;Dodge;Model BA;2009
1585;Singer;Model BB;2020
1586;Zenvo;Model AH;2002
1587;Dacia;Model L;2000
1588;Lancia;Model BU;2008
1589;Daihatsu;Model D;2021
1590;Dacia;Model BO;2009
1591;Bugatti;Model AY;2002
1592;Chrysler;Model AP;2004
1593;BYD;Model BZ;2002
1594;Panoz;Model N;1992
1595;BYD;Model BW;2003
1596;Volvo;Model BL;1996
1597;Isuzu;Model BJ;2020
1598;AC;Model P;1998
1599;Volkswagen;Model BZ;2007
1600;Daewoo;Model H;2021
1601;De Tomaso;Model AI;1998
1602;Porsche;Model R;1998
1603;Buick;Model D;2023
1604;Lamborghini;Model AC;2001
1605;BMW;Model AG;1991
1606;Zenvo;Model BO;1998
1607;Radical;Model CC;2001
1608;BMW;Model Q;2001
1609;Isuzu;Model K;2010
1610;Laraki;Model D;1998
1611;Singer;Model AR;1996
1612;Infiniti;Model T;1996
1613;Honda;Model CJ;2018
1614;Saab;Model CK;2005
1615;Vauxhall;Model BA;2012
1616;Ascari;Model BA;1993
1617;Seat;Model BO;2024
1618;Ruf;Model AX;1994
1619;Pagani;Model BL;2005
1620;Kia;Model BC;1996
1621;FAW;Model CJ;1990
1622;Rover;Model A;1997
1623;Great Wall;Model BU;2017
1624;Audi;Model R;2009
1625;Skoda;Model F;2008
1626;Spyker;Model CL;1993
1627;Daihatsu;Model AA;2020
1628;Ruf;Model BK;1993
1629;FAW;Model BO;1998
1630;Bentley;Model BV;2011
1631;Haval;Model CB;2005
1632;Hyundai;Model AQ;2008
1633;Tata;Model BJ;1997
1634;Smart;Model E;2014
1635;Audi;Model BY;2009
1636;Mitsubishi;Model D;1999
1637;Morgan;Model J;1993
1638;Spyker;Model BH;1990
1639;Perodua;Model BW;2011
1640;Donkervoort;Model BH;2006
1641;Bentley;Model AS;2003
1642;Mahindra;Model AC;2018
1643;Suzuki;Model CL;2005
1644;Maruti Suzuki;Model C;2019
1645;Bentley;Model AA;1990
1646;Buick;Model BF;2009
1647;Infiniti;Model BK;2009
1648;Rolls-Royce;Model BC;2010
1649;Coda;Model CI;2014
1650;Infiniti;Model AV;2019
1651;Caterham;Model BB;2006
1652;Isuzu;Model AP;2001
1653;Mini;Model AW;2002
1654;Chrysler;Model BX;2005
1655;Opel;Model BC;1992
1656;Great Wall;Model AI;2018
1657;Tata;Model AQ;1991
1658;Bristol;Model CB;2010
1659;Ultima;Model AX;2011
1660;Mazda;Model K;2018
1661;Rover;Model BH;2003
1662;BMW;Model BX;2007
1663;Apollo;Model Z;1995
1664;Smart;Model BW;1997
1665;Jaguar;Model AV;1997
1666;Haval;Model BY;1993
1667;BMW;Model N;2004
1668;AC;Model S;2011
1669;Holden;Model AJ;2018
1670;Land Rover;Model BG;2021
1671;Chery;Model AO;2013
1672;Fiat;Model BO;2002
1673;Lexus;Model CI;2019
1674;Chevrolet;Model CJ;2006
1675;Honda;Model AU;2002
1676;Lamborghini;Model CJ;2001
1677;Opel;Model CL;2022
1678;Ariel;Model B;2017
1679;Ram;Model BP;1992
1680;Skoda;Model CF;2019
1681;Zenvo;Model BE;2005
1682;Zenvo;Model BN;1999
1683;Rolls-Royce;Model CH;1998
1684;Scion;Model C;2011
1685;Saab;Model BL;1990
1686;Seat;Model S;1999
1687;BYD;Model BQ;2020
1688;Apollo;Model BF;1997
1689;Saleen;Model R;2018
1690;Ram;Model M;2015
1691;Caterham;Model U;1997
1692;Ruf;Model D;2022
1693;Radical;Model BC;2014
1694;Opel;Model M;2020
1695;Peugeot;Model BF;2010
1696;FAW;Model T;1996
1697;Alfa Romeo;Model AX;2018
1698;Coda;Model J;2014
1699;Lamborghini;Model AS;2016
1700;Ariel;Model BQ;2023
1701;Skoda;Model T;2005
1702;Scion;Model BN;2012
1703;BYD;Model D;2008
1704;Singer;Model BD;2016
1705;Apollo;Model AB;1992
1706;Skoda;Model J;2018
1707;Renault;Model AM;2017
1708;Marcos;Model AO;2009
1709;Bentley;Model AA;1996
1710;Porsche;Model F;2015
1711;Subaru;Model S;2004
1712;Mazda;Model W;2018
1713;Qvale;Model S;2023
1714;Volvo;Model CH;1997
1715;Maruti Suzuki;Model AL;2017
1716;Mini;Model B;2019
1717;Smart;Model CF;2011
1718;Chery;Model AE;2013
1719;Maserati;Model BU;2012
1720;Caterham;Model BX;2016
1721;Toyota;Model CE;2020
1722;Radical;Model H;2010
1723;Toyota;Model CJ;2007
1724;Infiniti;Model BL;2010
1725;Citroen;Model BX;1999
1726;Lancia;Model CA;1998
1727;Honda;Model CG;2006
1728;Ariel;Model BE;1991
1729;Isuzu;Model P;2002
1730;Geely;Model BE;2006
1731;Hyundai;Model M;2003
1732;Suzuki;Model Y;2014
1733;Coda;Model BM;2020
1734;Ruf;Model BC;2021
1735;De Tomaso;Model R;1995
1736;Apollo;Model N;2016
1737;Mahindra;Model BL;2001
1738;Peugeot;Model AV;1996
1739;Opel;Model CD;2020
1740;Mercedes-Benz;Model G;1997
1741;Honda;Model CH;2011
1742;Spyker;Model BK;2002
1743;Geely;Model I;1993
1744;Skoda;Model BB;2008
1745;Donkervoort;Model V;1993
1746;Ford;Model BM;2013
1747;Bristol;Model BX;2018
1748;Qvale;Model X;2013
1749;Maruti Suzuki;Model CH;2017
1750;Bristol;Model X;2001
1751;Ruf;Model U;2015
1752;Vauxhall;Model G;2001
1753;Chery;Model BA;2024
1754;Lancia;Model U;2022
1755;Suzuki;Model N;2006
1756;Ford;Model BC;2000
1757;Bristol;Model C;2009
1758;Citroen;Model AS;1993
1759;Seat;Model BH;2014
1760;Wiesmann;Model AL;2008
1761;Coda;Model D;1997
1762;Porsche;Model BL;2002
1763;Honda;Model BS;2015
1764;Pagani;Model P;2014
1765;Perodua;Model BZ;2022
1766;Saab;Model Z;2000
1767;Skoda;Model AO;2002
1768;Chevrolet;Model N;1993
1769;Ferrari;Model BQ;2012
1770;GMC;Model CH;2006
1771;Chery;Model AW;2012
1772;Holden;Model CC;2021
1773;Cadillac;Model AM;2005
1774;TVR;Model M;2019
1775;Dodge;Model BC;2006
1776;Mazda;Model K;2018
1777;Daewoo;Model AX;2005
1778;Apollo;Model N;2014
1779;Opel;Model CF;1991
1780;Bentley;Model BW;2019
1781;Apollo;Model Q;1999
1782;Saab;Model Q;2016
1783;Nissan;Model BI;2001
1784;Volvo;Model AN;2015
1785;Rover;Model BY;2018
1786;Opel;Model BL;2024
1787;AC;Model X;2019
1788;Lancia;Model BT;2007
1789;BYD;Model AP;2013
1790;Ultima;Model CB;2002
1791;Radical;Model BU;2018
1792;Noble;Model BZ;2023
1793;Lamborghini;Model V;2002
1794;GMC;Model E;2000
1795;Saab;Model BM;1990
1796;Scion;Model AX;2008
1797;Infiniti;Model AG;2014
1798;Porsche;Model F;2016
1799;Fiat;Model A;2001
1800;Qvale;Model BU;2017
1801;Coda;Model AL;2003
1802;BYD;Model C;2017
1803;Dacia;Model AB;2016
1804;Citroen;Model BT;2000
1805;Ford;Model BX;2006
1806;Toyota;Model BL;1991
1807;Isuzu;Model AT;1993
1808;Mitsubishi;Model AO;2004
1809;Saab;Model AK;1995
1810;Tata;Model E;2019
1811;Noble;Model AV;2004
1812;De Tomaso;Model BE;2016
1813;De Tomaso;Model L;2007
1814;Alfa Romeo;Model AS;2018
1815;Subaru;Model BE;1998
1816;BMW;Model BY;2007
1817;Dacia;Model BH;2014
1818;Marcos;Model BR;2003
1819;Proton;Model CJ;2013
1820;Lamborghini;Model CC;1998
1821;Suzuki;Model AN;2018
1822;BMW;Model P;2010
1823;Dodge;Model BY;2004
1824;Great Wall;Model BY;2002
1825;Maserati;Model BT;2013
1826;Coda;Model W;2021
1827;Ram;Model J;2012
1828;Mini;Model CJ;2005
1829;Great Wall;Model K;1995
1830;Nissan;Model BX;2017
1831;Subaru;Model CI;2022
1832;BMW;Model BM;2011
1833;Daewoo;Model B;2008
1834;Tata;Model BZ;1993
1835;Daewoo;Model K;2016
1836;Maruti Suzuki;Model AA;1993
1837;Noble;Model BC;1990
1838;Maserati;Model AJ;2016
1839;Koenigsegg;Model Q;2000
1840;Isuzu;Model CH;2015
1841;Zenvo;Model AN;2018
1842;Lamborghini;Model S;2024
1843;Nissan;Model J;1992
1844;Apollo;Model AU;1994
1845;Geely;Model AC;2000
1846;Alfa Romeo;Model H;1999
1847;Chery;Model I;1996
1848;Tata;Model AK;1993
1849;GMC;Model R;2021
1850;Isuzu;Model X;1991
1851;Renault;Model AE;1993
1852;Qvale;Model AM;2013
1853;AC;Model AU;1997
1854;Donkervoort;Model BU;2013
1855;Seat;Model BD;1997
1856;Tata;Model P;2020
1857;Bristol;Model D;2000
1858;Jeep;Model AU;2005
1859;Ferrari;Model J;2017
1860;Laraki;Model C;2021
1861;Porsche;Model AR;2010
1862;Kia;Model BL;2001
1863;Ultima;Model AB;1998
1864;Bristol;Model AP;2023
1865;Chery;Model BZ;1994
1866;Bristol;Model AX;2018
1867;Porsche;Model V;2020
1868;Fisker;Model AS;2018
1869;Acura;Model BT;1993
1870;Chery;Model BA;1999
1871;Morgan;Model BU;2007
1872;Nissan;Model I;2023
1873;Jeep;Model Q;2018
1874;Bentley;Model AQ;2012
1875;Donkervoort;Model BV;2020
1876;Ultima;Model BG;2015
1877;Perodua;Model H;2018
1878;Pagani;Model U;1996
1879;Hyundai;Model AT;2018
1880;Honda;Model AA;2024
1881;Skoda;Model AZ;2024
1882;Suzuki;Model BQ;1993
1883;Mazda;Model CI;2022
1884;Radical;Model B;2015
1885;Infiniti;Model AL;2019
1886;Lexus;Model AO;2018
1887;Zenvo;Model AK;1993
1888;Lincoln;Model CB;2005
1889;Qvale;Model BS;1994
1890;Ascari;Model B;2017
1891;Dodge;Model D;1998
1892;Bentley;Model CD;2020
1893;Seat;Model CL;2013
1894;Mahindra;Model W;1991
1895;Lancia;Model AM;1999
1896;Koenigsegg;Model O;1995
1897;Cadillac;Model AS;2013
1898;Jaguar;Model BM;2021
1899;Porsche;Model CH;2012
1900;Aston Martin;Model BJ;2022
1901;Morgan;Model V;2002
1902;Haval;Model A;2020
1903;Mahindra;Model L;2020
1904;GMC;Model AS;1990
1905;Toyota;Model AO;1993
1906;Lincoln;Model BY;2009
1907;Plymouth;Model O;2001
1908;Rolls-Royce;Model BL;1991
1909;Mitsubishi;Model AL;2004
1910;Dacia;Model AG;1993
1911;Smart;Model CE;2003
1912;Mini;Model AC;2024
1913;Volkswagen;Model BV;1990
1914;Citroen;Model CA;2020
1915;Donkervoort;Model S;2008
1916;Rover;Model CF;2005
1917;Hyundai;Model AF;2018
1918;Ariel;Model H;2015
1919;Chery;Model AI;2016
1920;Audi;Model BR;2011
1921;Honda;Model AW;2003
1922;Lancia;Model BE;2002
1923;Dodge;Model AO;2024
1924;Vauxhall;Model BY;2005
1925;Mini;Model BI;1995
1926;Peugeot;Model BE;2016
1927;Perodua;Model AH;2009
1928;Smart;Model AB;1998
1929;Laraki;Model CA;2005
1930;Bristol;Model O;2016
1931;Tata;Model M;2001
1932;Haval;Model P;1994
1933;Caterham;Model Z;2002
1934;BMW;Model BN;2010
1935;Spyker;Model BN;2011
1936;Volkswagen;Model AC;1996
1937;Panoz;Model AU;2022
1938;Lamborghini;Model AS;2024
1939;Proton;Model BA;2022
1940;Bugatti;Model CL;2005
1941;Acura;Model U;2023
1942;Tata;Model D;2015
1943;Qvale;Model CD;1996
1944;TVR;Model D;2018
1945;Mahindra;Model AI;2018
1946;Daihatsu;Model O;1996
1947;Scion;Model AI;1994
1948;Isuzu;Model CJ;2002
1949;Mini;Model BM;1997
1950;Perodua;Model BG;2024
1951;Isuzu;Model AE;2007
1952;Donkervoort;Model BS;1996
1953;Great Wall;Model U;2006
1954;Panoz;Model BK;2006
1955;Ram;Model P;2024
1956;Suzuki;Model CC;2000
1957;Honda;Model AF;2019
1958;Mazda;Model N;1992
1959;Wiesmann;Model AD;2005
1960;Zenvo;Model AI;2021
1961;BYD;Model L;2021
1962;Caterham;Model AQ;1993
1963;Holden;Model P;2005
1964;Great Wall;Model AX;2016
1965;Hyundai;Model AH;1998
1966;Buick;Model D;2024
1967;Chrysler;Model AS;1990
1968;Opel;Model CL;2023
1969;Singer;Model AD;2020
1970;Tata;Model AE;2011
1971;Ginetta;Model BX;2004
1972;Chery;Model BO;1994
1973;Coda;Model U;2017
1974;Cadillac;Model C;2015
1975;Jeep;Model AM;2002
1976;Maserati;Model BJ;2024
1977;Subaru;Model BT;1998
1978;Volkswagen;Model AX;2007
1979;Plymouth;Model AV;2002
1980;Seat;Model BU;1999
1981;Panoz;Model AY;1998
1982;Ferrari;Model AC;2010
1983;Zenvo;Model BT;1998
1984;Hyundai;Model BU;2007
1985;Spyker;Model AF;2019
1986;GMC;Model C;2005
1987;Rolls-Royce;Model CA;2002
1988;Wiesmann;Model BG;1995
1989;BMW;Model BD;2018
1990;Great Wall;Model CJ;2016
1991;Mitsubishi;Model BD;2001
1992;Nissan;Model AJ;1996
1993;AC;Model AZ;2009
1994;Land Rover;Model F;2000
1995;Ultima;Model CL;2007
1996;Wiesmann;Model M;1991
1997;Perodua;Model AW;2003
1998;Scion;Model BW;2014
1999;Zenvo;Model AE;2004
2000;Perodua;Model U;1997
2001;Holden;Model BM;2009
2002;Audi;Model BS;2008
2003;Marcos;Model BP;1999
2004;Pagani;Model AA;1997
2005;SsangYong;Model BO;2023
2006;GMC;Model AR;2008
2007;Mahindra;Model CF;1995
2008;Land Rover;Model X;1990
2009;Ferrari;Model Q;1998
2010;Ram;Model CE;2016
2011;Maruti Suzuki;Model AZ;2013
2012;Mini;Model BH;2002
2013;GMC;Model AY;2009
2014;Koenigsegg;Model A;2008
2015;Ram;Model C;2005
2016;SsangYong;Model CD;1998
2017;Laraki;Model L;2002
2018;SsangYong;Model AN;2005
2019;Nissan;Model CH;2018
2020;Zenvo;Model BG;2007
2021;AC;Model AQ;2013
2022;Holden;Model BJ;2011
2023;Spyker;Model T;2007
2024;Alfa Romeo;Model CL;2015
2025;AC;Model BG;2018
2026;Ford;Model AO;2012
2027;Koenigsegg;Model AN;2003
2028;Haval;Model BX;2001
2029;Nissan;Model CG;1995
2030;Caterham;Model BD;1994
2031;Dacia;Model L;2004
2032;Audi;Model AA;1999
2033;Geely;Model BE;1991
2034;Chrysler;Model AI;2017
2035;Lamborghini;Model BN;2012
2036;Apollo;Model L;2016
2037;Seat;Model BC;2019
2038;AC;Model BT;1995
2039;Ascari;Model J;2010
2040;Rover;Model BN;1991
2041;Coda;Model AQ;1995
2042;Daewoo;Model BG;2001
2043;Maserati;Model V;2011
2044;AC;Model X;2018
2045;Donkervoort;Model BN;1998
2046;Mini;Model V;2019
2047;Jaguar;Model AO;2017
2048;Honda;Model AP;1995
2049;Apollo;Model BR;2005
2050;Maserati;Model BA;2015
2051;Bugatti;Model AT;2017
2052;Morgan;Model Y;2015
2053;Opel;Model BC;1996
2054;Toyota;Model BZ;2022
2055;Ferrari;Model E;2002
2056;Smart;Model B;2003
2057;Smart;Model AE;2017
2058;Koenigsegg;Model BH;2016
2059;Ferrari;Model T;1994
2060;Jeep;Model BE;2002
2061;Tata;Model O;2022
2062;Aston Martin;Model BQ;2002
2063;Great Wall;Model AA;2024
2064;Rolls-Royce;Model AN;2012
2065;Land Rover;Model CA;2014
2066;Radical;Model H;2004
2067;Marcos;Model H;2011
2068;Fiat;Model BF;2005
2069;Perodua;Model AQ;2006
2070;TVR;Model U;2004
2071;Jeep;Model V;2008
2072;Ariel;Model CD;2014
2073;Lamborghini;Model CB;1990
2074;Holden;Model T;2014
2075;Aston Martin;Model AQ;2011
2076;Peugeot;Model AU;2016
2077;Daewoo;Model BP;2022
2078;SsangYong;Model AK;1999
2079;Noble;Model CH;1999
2080;Isuzu;Model H;2004
2081;Mahindra;Model R;2017
2082;Opel;Model CE;2006
2083;GMC;Model AD;1994
2084;GMC;Model AS;2004
2085;Ford;Model C;2011
2086;Donkervoort;Model AP;1999
2087;AC;Model BK;1993
2088;Zenvo;Model AB;1998
2089;Ford;Model CC;2017
2090;Ginetta;Model Q;1995
2091;Bristol;Model CG;2007
2092;Land Rover;Model AK;1990
2093;Chery;Model BY;2005
2094;Lexus;Model R;1999
2095;Bugatti;Model AP;2011
2096;Jaguar;Model AU;2003
2097;Citroen;Model P;2005
2098;Pagani;Model BZ;2010
2099;BYD;Model BM;2010
2100;Qvale;Model BU;1995
2101;GMC;Model CG;1999
2102;Spyker;Model AK;1995
2103;Chevrolet;Model BV;2004
2104;Cadillac;Model P;2018
2105;Buick;Model BN;1999
2106;Rolls-Royce;Model C;2016
2107;Mercedes-Benz;Model CH;2007
2108;Qvale;Model I;2005
2109;Lamborghini;Model AB;2003
2110;Ariel;Model O;2008
2111;Radical;Model BR;1999
2112;Zenvo;Model BC;2011
2113;Lexus;Model CL;2008
2114;Lamborghini;Model V;1990
2115;Nissan;Model BI;2001
2116;Ginetta;Model E;2020
2117;Koenigsegg;Model BB;2009
2118;Perodua;Model AA;2024
2119;Ruf;Model BV;2007
2120;Volkswagen;Model AL;2000
2121;Tata;Model M;2022
2122;Jaguar;Model N;2003
2123;Mini;Model AJ;2021
2124;Laraki;Model BU;2004
2125;Aston Martin;Model R;2017
2126;Caterham;Model CB;2000
2127;Great Wall;Model F;2002
2128;Lancia;Model AK;2023
2129;Haval;Model BY;1998
2130;Smart;Model BS;2011
2131;Proton;Model AB;1994
2132;Saleen;Model Q;2003
2133;Isuzu;Model BE;2021
2134;TVR;Model CB;2011
2135;Zenvo;Model AS;2002
2136;Wiesmann;Model B;2001
2137;Singer;Model AJ;2021
2138;Saleen;Model T;1994
2139;Caterham;Model B;2007
2140;Porsche;Model AZ;2013
2141;Dacia;Model I;2023
2142;Skoda;Model D;2001
2143;Subaru;Model M;2018
2144;Tata;Model D;2019
2145;Renault;Model AL;2004
2146;Daewoo;Model CG;2014
2147;Scion;Model S;1995
2148;Citroen;Model BI;1998
2149;BYD;Model AS;2020
2150;Ram;Model AE;2002
2151;Dodge;Model T;2014
2152;Honda;Model CJ;2021
2153;Lincoln;Model Z;2005
2154;Tata;Model S;2005
2155;Volkswagen;Model X;2009
2156;Ariel;Model AT;2010
2157;Mercedes-Benz;Model AG;2006
2158;Ultima;Model AZ;2008
2159;Lancia;Model CK;2014
2160;Renault;Model CJ;2002
2161;Jeep;Model BO;2001
2162;Pagani;Model W;2013
2163;Aston Martin;Model AN;2020
2164;Peugeot;Model BT;2011
2165;Seat;Model AH;2009
2166;Laraki;Model P;2016
2167;Saleen;Model BX;2010
2168;Ruf;Model BZ;1997
2169;Proton;Model AC;1990
2170;Toyota;Model CD;2003
2171;SsangYong;Model O;2007
2172;Toyota;Model A;1998
2173;Chevrolet;Model D;2016
2174;Dodge;Model AK;1993
2175;Perodua;Model AI;2004
2176;Skoda;Model AQ;1996
2177;Radical;Model P;1997
2178;Haval;Model BT;2015
2179;Spyker;Model AX;1998
2180;Great Wall;Model CE;2016
2181;Mazda;Model CC;2016
2182;TVR;Model E;2009
2183;Jaguar;Model H;2009
2184;Ariel;Model J;2019
2185;Daihatsu;Model D;2024
2186;Mahindra;Model O;2005
2187;Mazda;Model BV;2010
2188;BMW;Model BM;2015
2189;Mazda;Model AJ;2022
2190;Seat;Model K;2016
2191;Daihatsu;Model BY;2017
2192;Opel;Model W;1991
2193;Maserati;Model BF;2013
2194;Lancia;Model F;2013
2195;Ruf;Model BQ;2022
2196;Buick;Model AR;1990
2197;Bristol;Model H;2008
2198;Panoz;Model BE;1993
2199;TVR;Model G;2021
2200;Bugatti;Model BT;2010
2201;Toyota;Model E;2010
2202;Aston Martin;Model AP;2015
2203;Coda;Model AP;2018
2204;Infiniti;Model AL;2016
2205;Qvale;Model AS;2024
2206;Lincoln;Model AX;2019
2207;Fiat;Model A;2005
2208;Mercedes-Benz;Model BP;1995
2209;Jeep;Model W;2005
2210;GMC;Model BT;2002
2211;Geely;Model CK;2006
2212;SsangYong;Model BN;2010
2213;Jaguar;Model CG;2011
2214;Daihatsu;Model BI;1992
2215;Subaru;Model A;2009
2216;Noble;Model S;2008
2217;Volkswagen;Model X;2018
2218;Opel;Model AZ;2006
2219;GMC;Model N;2019
2220;Rolls-Royce;Model E;2011
2221;Spyker;Model BR;1991
2222;BMW;Model F;2006
2223;Saleen;Model AB;1999
2224;Mini;Model BL;2022
2225;Nissan;Model CB;1991
2226;Wiesmann;Model AI;1998
2227;Lexus;Model AZ;2017
2228;Panoz;Model CC;2018
2229;Jeep;Model BF;2013
2230;Dacia;Model V;2021
2231;Dacia;Model W;1994
2232;Vauxhall;Model AY;2013
2233;Jeep;Model L;2000
2234;Porsche;Model Q;2023
2235;Volkswagen;Model G;2002
2236;Apollo;Model D;1999
2237;BYD;Model B;2011
2238;Saab;Model AK;2021
2239;Great Wall;Model AM;2012
2240;Noble;Model R;1993
2241;Jaguar;Model AB;2024
2242;Renault;Model BB;2000
2243;Buick;Model W;1996
2244;GMC;Model H;2019
2245;Renault;Model AN;2013
2246;Mazda;Model AP;2006
2247;Wiesmann;Model E;2014
2248;Bentley;Model AO;1999
2249;FAW;Model CB;1996
2250;Saleen;Model BH;1999
2251;Toyota;Model BG;2022
2252;Maserati;Model BV;2011
2253;Proton;Model BP;2023
2254;Dacia;Model M;2003
2255;Saleen;Model AI;2003
2256;FAW;Model D;2002
2257;Mini;Model BG;1999
2258;Mercedes-Benz;Model AX;2012
2259;Mazda;Model CB;2019
2260;Proton;Model AW;1998
2261;Renault;Model T;2015
2262;Mercedes-Benz;Model AP;1996
2263;Geely;Model AJ;1993
2264;De Tomaso;Model L;2007
2265;Renault;Model BS;2021
2266;Tata;Model BR;2024
2267;Aston Martin;Model BJ;2016
2268;Fiat;Model AV;2021
2269;Saleen;Model BC;1995
2270;Proton;Model CL;2024
2271;Ford;Model BJ;2023
2272;Pagani;Model AI;2019
2273;Alfa Romeo;Model F;2018
2274;Fiat;Model BN;1993
2275;Koenigsegg;Model K;1993
2276;Fiat;Model X;2004
2277;Lincoln;Model L;1997
2278;Morgan;Model BL;2018
2279;Dodge;Model BQ;2000
2280;Noble;Model W;2003
2281;Mitsubishi;Model CE;2006
2282;Vauxhall;Model BA;2007
2283;Mazda;Model AN;2010
2284;Maserati;Model CL;2016
2285;GMC;Model AN;2004
2286;Ariel;Model BQ;2018
2287;Perodua;Model Y;2024
2288;Buick;Model X;2019
2289;AC;Model BO;1994
2290;Ford;Model Z;1990
2291;Toyota;Model AU;2011
2292;Saab;Model BT;1995
2293;Alfa Romeo;Model AJ;1997
2294;Dodge;Model C;2017
2295;Mercedes-Benz;Model AW;1990
2296;Geely;Model CD;2012
2297;Panoz;Model AW;2003
2298;Infiniti;Model AB;2006
2299;Chery;Model AT;2015
2300;BMW;Model BC;1995
2301;Suzuki;Model BV;2003
2302;Alfa Romeo;Model BZ;1991
2303;Isuzu;Model AM;2013
2304;Daewoo;Model AU;2022
2305;Rolls-Royce;Model CC;2019
2306;Alfa Romeo;Model CA;2004
2307;Lexus;Model BP;1995
2308;Toyota;Model H;2002
2309;BYD;Model BE;1995
2310;Mahindra;Model BR;1995
2311;Zenvo;Model BA;1993
2312;Seat;Model M;2012
2313;Aston Martin;Model J;2011
2314;Chery;Model BZ;2010
2315;BYD;Model CF;2004
2316;Renault;Model BA;2002
2317;Qvale;Model AD;2018
2318;Volkswagen;Model BI;1995
2319;Seat;Model BO;2017
2320;Jeep;Model X;1997
2321;Proton;Model R;2013
2322;Opel;Model CK;2008
2323;Peugeot;Model BY;1997
2324;Mercedes-Benz;Model R;2023
2325;Volkswagen;Model AI;1993
2326;BMW;Model AF;1994
2327;Cadillac;Model AM;2017
2328;Audi;Model BQ;2001
2329;Chery;Model CL;2002
2330;BYD;Model K;1996
2331;Apollo;Model BA;2011
2332;BYD;Model BW;2001
2333;Ram;Model CK;2004
2334;Jeep;Model BH;1990
2335;Mitsubishi;Model AX;1997
2336;Bristol;Model AE;2016
2337;Saleen;Model BJ;2020
2338;Plymouth;Model AY;2016
2339;Dodge;Model BS;1996
2340;Scion;Model Y;2020
2341;GMC;Model F;1994
2342;Volvo;Model BT;1992
2343;Proton;Model CI;2012
2344;Seat;Model AI;2019
2345;Ascari;Model CF;2008
2346;Lincoln;Model B;1996
2347;Chevrolet;Model BJ;2012
2348;Plymouth;Model AD;1990
2349;Aston Martin;Model BI;1999
2350;Maruti Suzuki;Model D;2000
2351;Lancia;Model I;2019
2352;Mini;Model BF;2012
2353;Ultima;Model BG;2010
2354;Honda;Model AC;1999
2355;Singer;Model AQ;1991
2356;Daewoo;Model AV;2017
2357;FAW;Model F;2012
2358;Pagani;Model AP;2019
2359;Bristol;Model BW;2001
2360;SsangYong;Model AX;2003
2361;Holden;Model BT;1993
2362;Mini;Model AC;2013
2363;Donkervoort;Model F;2000
2364;Mazda;Model Z;2016
2365;Saleen;Model BX;2020
2366;SsangYong;Model CB;2001
2367;Great Wall;Model AZ;1995
2368;Tesla;Model W;1992
2369;Laraki;Model AW;1994
2370;Ariel;Model A;2016
2371;Marcos;Model CJ;2012
2372;Subaru;Model CG;1993
2373;Vauxhall;Model AL;2022
2374;Saleen;Model CG;1998
2375;Vauxhall;Model BC;2009
2376;Porsche;Model AJ;2020
2377;GMC;Model AA;2001
2378;Mitsubishi;Model P;1992
2379;Daihatsu;Model BM;2010
2380;Mitsubishi;Model U;2019
2381;Smart;Model AU;2013
2382;Haval;Model CH;1997
2383;Saleen;Model BL;1992
2384;Chery;Model BM;1991
2385;Morgan;Model AO;2007
2386;Pagani;Model A;2010
2387;Tata;Model BF;2019
2388;Toyota;Model BP;1998
2389;SsangYong;Model BZ;2005
2390;Hyundai;Model Q;2012
2391;Saab;Model K;2000
2392;BYD;Model N;2003
2393;De Tomaso;Model A;2024
2394;Cadillac;Model AZ;2021
2395;Fiat;Model BN;1998
2396;Fisker;Model D;2015
2397;Lexus;Model AF;2010
2398;FAW;Model T;1998
2399;Volkswagen;Model AJ;1999
2400;Proton;Model CK;2013
2401;Alfa Romeo;Model CF;2006
2402;Chevrolet;Model BP;2020
2403;BMW;Model CF;2015
2404;Renault;Model O;2022
2405;Tesla;Model L;2009
2406;Audi;Model G;2024
2407;Subaru;Model BS;1995
2408;Opel;Model BR;2011
2409;Ascari;Model BD;1991
2410;Lamborghini;Model AM;1999
2411;Acura;Model BD;2004
2412;Donkervoort;Model BN;2009
2413;Mitsubishi;Model BU;2011
2414;Morgan;Model AO;2000
2415;SsangYong;Model R;1990
2416;Mini;Model BY;2018
2417;Mahindra;Model AY;2024
2418;Saab;Model AR;2001
2419;Peugeot;Model P;2022
2420;Opel;Model BA;2022
2421;Haval;Model AI;2001
2422;Lamborghini;Model Q;2021
2423;Mitsubishi;Model AO;2000
2424;Bristol;Model BO;2008
2425;Maruti Suzuki;Model AM;1994
2426;Isuzu;Model L;2007
2427;Panoz;Model BM;2007
2428;Ascari;Model O;2013
2429;Wiesmann;Model Y;1996
2430;Ram;Model G;2012
2431;Citroen;Model CH;2001
2432;Lexus;Model CI;2008
2433;Proton;Model Y;1992
2434;Donkervoort;Model M;2004
2435;Qvale;Model BC;2013
2436;Mazda;Model W;1999
2437;Aston Martin;Model BY;1991
2438;Daihatsu;Model F;2010
2439;Tesla;Model CB;2006
2440;Haval;Model CD;2008
2441;Pagani;Model U;2018
2442;Audi;Model BJ;2017
2443;Tata;Model AC;1998
2444;Infiniti;Model CG;1997
2445;Wiesmann;Model BD;1995
2446;Ruf;Model W;2023
2447;Apollo;Model BV;2012
2448;Saab;Model W;2005
2449;Saab;Model BO;1993
2450;Lancia;Model K;1998
2451;Cadillac;Model D;2011
2452;Buick;Model CE;2023
2453;Holden;Model T;2024
2454;Subaru;Model BF;2023
2455;Fiat;Model BI;1999
2456;Renault;Model B;1990
2457;Geely;Model AN;2015
2458;SsangYong;Model AJ;2024
2459;Ruf;Model AU;2009
2460;Lancia;Model BP;1991
2461;Ferrari;Model CH;2003
2462;Qvale;Model BQ;2016
2463;Plymouth;Model Q;2020
2464;Pagani;Model BW;2005
2465;Maserati;Model AJ;1997
2466;Koenigsegg;Model AN;1997
2467;Tesla;Model L;2020
2468;Lexus;Model AL;1993
2469;Bentley;Model CK;2012
2470;Lincoln;Model AL;2021
2471;Aston Martin;Model BH;1999
2472;Holden;Model G;2024
2473;Ginetta;Model AT;2002
2474;Ruf;Model AT;1995
2475;Mini;Model AA;2008
2476;Radical;Model AL;2001
2477;Great Wall;Model CA;2015
2478;Bugatti;Model CK;2000
2479;Ruf;Model BO;2020
2480;Opel;Model BW;2008
2481;Singer;Model BA;2012
2482;Toyota;Model J;2014
2483;Panoz;Model L;2000
2484;Mercedes-Benz;Model C;1994
2485;Volvo;Model Z;1991
2486;Porsche;Model BU;2001
2487;Chevrolet;Model BR;2013
2488;Great Wall;Model AB;2012
2489;Ruf;Model AD;2001
2490;Maserati;Model BP;2024
2491;Dodge;Model BD;2023
2492;Rover;Model CD;1992
2493;Plymouth;Model E;2014
2494;Ruf;Model Q;2013
2495;Infiniti;Model AP;2004
2496;Singer;Model BL;1992
2497;Coda;Model BQ;2003
2498;Bentley;Model W;2011
2499;Citroen;Model S;2004
2500;Toyota;Model L;1994
2501;Ginetta;Model AE;2010
2502;Audi;Model AE;2000
2503;Radical;Model Y;2003
2504;Skoda;Model CE;1997
2505;Spyker;Model BU;2004
2506;Dodge;Model CK;1990
2507;Mini;Model AO;2014
2508;Rover;Model AM;1994
2509;Spyker;Model AL;2009
2510;Mini;Model F;1997
2511;Great Wall;Model W;2005
2512;Proton;Model AA;2008
2513;Mini;Model BW;2004
2514;Pagani;Model AL;2000
2515;Perodua;Model E;2002
2516;Volvo;Model X;2003
2517;Radical;Model K;2020
2518;Vauxhall;Model AZ;2023
2519;Kia;Model B;2016
2520;Buick;Model BR;2021
2521;Daewoo;Model BP;2018
2522;Tesla;Model BZ;2006
2523;Maserati;Model D;2011
2524;Haval;Model AD;2024
2525;SsangYong;Model BA;1995
2526;Hyundai;Model CC;2022
2527;Saleen;Model CE;2024
2528;Fiat;Model T;2009
2529;Wiesmann;Model CD;2021
2530;Singer;Model CG;1999
2531;Morgan;Model BQ;1991
2532;Radical;Model O;1995
2533;Lincoln;Model BG;1992
2534;Wiesmann;Model AG;2017
2535;Volvo;Model AF;2009
2536;Rover;Model AR;2000
2537;Kia;Model U;2023
2538;Ford;Model BI;2000
2539;Renault;Model A;2002
2540;Porsche;Model BK;2024
2541;Coda;Model AA;1998
2542;SsangYong;Model BV;1995
2543;Holden;Model V;1992
2544;Cadillac;Model B;2002
2545;Buick;Model BO;2002
2546;Singer;Model BY;2003
2547;Apollo;Model BJ;2002
2548;Volvo;Model R;2015
2549;Opel;Model AY;2018
2550;Citroen;Model CD;1997
2551;Chery;Model BR;2004
2552;Aston Martin;Model BZ;2023
2553;Peugeot;Model BG;2000
2554;Alfa Romeo;Model AD;2014
2555;Caterham;Model CE;1995
2556;Peugeot;Model CB;1994
2557;Seat;Model BI;1994
2558;Spyker;Model L;1997
2559;Aston Martin;Model AD;2009
2560;Ariel;Model BL;2011
2561;Subaru;Model AG;2021
2562;Scion;Model CK;1996
2563;Peugeot;Model F;2009
2564;Maruti Suzuki;Model X;2018
2565;Toyota;Model BB;2024
2566;Renault;Model AN;2024
2567;Renault;Model BI;2015
2568;Daihatsu;Model H;2018
2569;Mahindra;Model F;2015
2570;Bristol;Model CA;2024
2571;Skoda;Model AB;2006
2572;Volkswagen;Model BT;1999
2573;Acura;Model CJ;2003
2574;De Tomaso;Model BU;2004
2575;Subaru;Model BN;2023
2576;Ginetta;Model BZ;2012
2577;Ruf;Model CI;2000
2578;Laraki;Model BS;2009
2579;Geely;Model D;2021
2580;Renault;Model W;1994
2581;Cadillac;Model BN;2001
2582;Daewoo;Model M;2014
2583;Buick;Model BZ;2018
2584;Fisker;Model AR;2023
2585;Buick;Model I;2019
2586;Chrysler;Model AJ;2004
2587;Dodge;Model V;2000
2588;Alfa Romeo;Model AZ;2021
2589;Hyundai;Model BF;2005
2590;Fiat;Model M;1991
2591;Tesla;Model BV;2001
2592;Bugatti;Model F;2003
2593;Lamborghini;Model AR;2010
2594;Fisker;Model AW;2010
2595;Mahindra;Model BB;2023
2596;Skoda;Model AD;2020
2597;Plymouth;Model CC;2010
2598;Ascari;Model AM;2021
2599;Suzuki;Model D;2004
2600;Qvale;Model AF;2001
2601;Daewoo;Model P;2010
2602;Lincoln;Model CK;2004
2603;Mahindra;Model AX;2004
2604;Apollo;Model AJ;2023
2605;Ram;Model AR;2011
2606;Ferrari;Model CE;1991
2607;Apollo;Model CE;2015
2608;Mitsubishi;Model K;1999
2609;Lancia;Model BB;2003
2610;Tata;Model AV;1999
2611;Ariel;Model M;2013
2612;Haval;Model H;1998
2613;BYD;Model BW;2016
2614;Panoz;Model D;2007
2615;Koenigsegg;Model A;1995
2616;Porsche;Model BE;2019
2617;Peugeot;Model AY;2015
2618;TVR;Model CB;2006
2619;Dacia;Model AP;2014
2620;Caterham;Model S;2011
2621;Mitsubishi;Model S;2003
2622;Fiat;Model CF;2013
2623;Coda;Model BP;1995
2624;Skoda;Model AB;2020
2625;Daihatsu;Model AP;2015
2626;Morgan;Model CA;2007
2627;Tata;Model S;2009
2628;SsangYong;Model BV;2005
2629;Porsche;Model CB;2021
2630;Chery;Model BQ;2020
2631;Caterham;Model A;2004
2632;Mazda;Model BK;2018
2633;Scion;Model CC;2001
2634;Volvo;Model AQ;1995
2635;Smart;Model B;1995
2636;Audi;Model AF;2024
2637;Ford;Model BK;1993
2638;Dodge;Model CF;2001
2639;Cadillac;Model BD;2022
2640;Ruf;Model AN;2017
2641;Great Wall;Model BH;2017
2642;Bristol;Model BQ;1992
2643;BMW;Model Q;1993
2644;Audi;Model BQ;2005
2645;Noble;Model AW;2016
2646;Ultima;Model V;2002
2647;Daihatsu;Model R;2005
2648;Ginetta;Model AC;2022
2649;Suzuki;Model B;2005
2650;Seat;Model AS;2003
2651;Ruf;Model AB;1996
2652;Holden;Model N;2010
2653;Skoda;Model CH;2023
2654;Coda;Model BE;1996
2655;Donkervoort;Model M;2002
2656;Cadillac;Model BL;2012
2657;Saleen;Model K;2008
2658;Subaru;Model AV;1998
2659;Ruf;Model BA;1991
2660;Plymouth;Model U;2015
2661;Mitsubishi;Model L;2022
2662;Maruti Suzuki;Model A;2013
2663;Vauxhall;Model Y;2005
2664;Maruti Suzuki;Model H;1996
2665;Perodua;Model C;2008
2666;Apollo;Model AP;2008
2667;Laraki;Model AX;2007
2668;Spyker;Model AZ;2020
2669;Coda;Model AC;1996
2670;Acura;Model BS;2006
2671;Mercedes-Benz;Model F;2019
2672;Ruf;Model BG;2009
2673;Seat;Model V;2003
2674;Holden;Model CK;1999
2675;Fiat;Model BX;2017
2676;Zenvo;Model BH;1992
2677;Renault;Model AX;2000
2678;Alfa Romeo;Model Y;2003
2679;Scion;Model H;2022
2680;Qvale;Model BB;2018
2681;Ginetta;Model BO;1998
2682;Seat;Model AZ;2016
2683;Volvo;Model BX;2010
2684;Perodua;Model CI;2016
2685;Qvale;Model AI;1999
2686;Jeep;Model BD;2019
2687;Scion;Model AJ;2015
2688;Aston Martin;Model AB;2002
2689;Dodge;Model BI;2017
2690;Lamborghini;Model AE;2022
2691;Opel;Model AX;2002
2692;BYD;Model AY;2003
2693;Mitsubishi;Model BF;2017
2694;Mazda;Model CB;1997
2695;Lancia;Model BP;1995
2696;Apollo;Model O;2011
2697;Maruti Suzuki;Model A;2007
2698;Radical;Model AI;2017
2699;Hyundai;Model U;1998
2700;Volkswagen;Model N;2008
2701;SsangYong;Model I;1991
2702;Coda;Model AX;2018
2703;Haval;Model BZ;2016
2704;Ruf;Model BK;2008
2705;Geely;Model BP;2016
2706;Caterham;Model AC;2021
2707;Bristol;Model BF;2019
2708;SsangYong;Model I;1996
2709;Plymouth;Model CF;2013
2710;Bugatti;Model B;2022
2711;Buick;Model BG;1999
2712;GMC;Model BX;2008
2713;Subaru;Model J;1990
2714;Ultima;Model H;2015
2715;Morgan;Model AY;2005
2716;BMW;Model AV;2007
2717;Geely;Model AL;2000
2718;FAW;Model CI;2013
2719;Peugeot;Model P;2005
2720;Rover;Model AO;1993
2721;Singer;Model L;2017
2722;Opel;Model BA;2008
2723;Infiniti;Model BJ;2014
2724;Mazda;Model CE;2002
2725;Ultima;Model AS;2004
2726;Toyota;Model BG;1997
2727;Peugeot;Model AF;2002
2728;Skoda;Model BT;1992
2729;BMW;Model L;2009
2730;Ultima;Model S;2008
2731;Donkervoort;Model O;1996
2732;Tesla;Model S;2014
2733;Volvo;Model CI;2018
2734;FAW;Model E;1999
2735;Volvo;Model S;1999
2736;Ram;Model X;2006
2737;Panoz;Model BB;2017
2738;Kia;Model AL;2007
2739;Ruf;Model BG;2011
2740;TVR;Model S;2003
2741;Mercedes-Benz;Model AG;2011
2742;Mahindra;Model CI;1992
2743;Daewoo;Model O;1998
2744;Chery;Model AC;2014
2745;Isuzu;Model BO;1991
2746;Land Rover;Model R;1996
2747;Bugatti;Model AE;2003
2748;BYD;Model F;2006
2749;Skoda;Model BG;1990
2750;Toyota;Model AU;2000
2751;Apollo;Model AL;2007
2752;FAW;Model AP;1992
2753;Chrysler;Model H;1994
2754;Acura;Model CC;2024
2755;Aston Martin;Model P;2018
2756;Wiesmann;Model G;2008
2757;Smart;Model BU;2010
2758;Buick;Model K;2010
2759;Scion;Model CJ;2012
2760;Pagani;Model BL;2024
2761;GMC;Model Q;2009
2762;Marcos;Model BY;2015
2763;Geely;Model BK;2006
2764;Peugeot;Model L;1991
2765;TVR;Model AD;2022
2766;Subaru;Model M;2005
2767;FAW;Model F;2014
2768;Saab;Model D;1992
2769;Fisker;Model BA;2006
2770;Koenigsegg;Model AP;2019
2771;Isuzu;Model AL;1995
2772;Volvo;Model BZ;2016
2773;Bugatti;Model BV;2012
2774;Geely;Model BV;2018
2775;Buick;Model BQ;2004
2776;Marcos;Model AA;2001
2777;Fiat;Model BT;2024
2778;Buick;Model AS;2022
2779;TVR;Model CA;2012
2780;Maserati;Model V;1998
2781;Maruti Suzuki;Model A;2017
2782;Nissan;Model AT;2017
2783;Chevrolet;Model BB;2008
2784;Alfa Romeo;Model CH;1999
2785;Jeep;Model AM;1991
2786;Subaru;Model H;2000
2787;Mercedes-Benz;Model BR;2010
2788;Nissan;Model BY;2009
2789;Koenigsegg;Model AC;2007
2790;Daewoo;Model AG;2000
2791;Bugatti;Model BE;2024
2792;BMW;Model AW;2022
2793;Holden;Model S;1994
2794;Lamborghini;Model BQ;1991
2795;Mercedes-Benz;Model CG;2002
2796;De Tomaso;Model CF;2010
2797;Suzuki;Model CI;2007
2798;Buick;Model AI;2014
2799;Laraki;Model D;2014
2800;Geely;Model BH;1998
2801;Subaru;Model AW;2002
2802;Mini;Model H;2021
2803;Ford;Model BN;2018
2804;Ruf;Model AX;2010
2805;Ascari;Model AE;2023
2806;Wiesmann;Model BV;1991
2807;Dacia;Model AW;2016
2808;Smart;Model BC;2022
2809;TVR;Model CJ;2006
2810;Kia;Model G;2018
2811;Plymouth;Model BP;2020
2812;Cadillac;Model W;2020
2813;De Tomaso;Model AA;2017
2814;Acura;Model BC;2018
2815;Proton;Model CH;1992
2816;Caterham;Model CE;2012
2817;Chery;Model AZ;2010
2818;Radical;Model BM;2016
2819;BMW;Model AV;2007
2820;Daihatsu;Model CL;1993
2821;Buick;Model AV;2010
2822;Hyundai;Model V;2006
2823;Peugeot;Model S;1991
2824;Dodge;Model AL;2004
2825;Seat;Model B;1996
2826;BYD;Model AN;1992
2827;Holden;Model CE;2012
2828;Dacia;Model CK;2011
2829;Toyota;Model CI;2008
2830;Infiniti;Model BM;2010
2831;Ultima;Model AG;2022
2832;Scion;Model U;2000
2833;Donkervoort;Model BQ;2001
2834;Mitsubishi;Model BN;1990
2835;Laraki;Model AU;1998
2836;Lancia;Model BX;2006
2837;Apollo;Model BE;2010
2838;Morgan;Model B;2018
2839;Ultima;Model G;2013
2840;Ruf;Model BX;2004
2841;Suzuki;Model K;1995
2842;Mini;Model CJ;1991
2843;Tata;Model B;2008
2844;Maruti Suzuki;Model CF;2009
2845;Buick;Model AJ;2003
2846;Tesla;Model E;2021
2847;Citroen;Model BB;1998
2848;Jeep;Model K;2000
2849;Saab;Model BL;2009
2850;Ruf;Model BQ;2019
2851;Fisker;Model CI;1997
2852;Kia;Model U;1991
2853;Hyundai;Model L;2018
2854;Perodua;Model AR;2022
2855;Lincoln;Model H;2013
2856;Infiniti;Model AV;2006
2857;Volvo;Model BS;2013
2858;Wiesmann;Model O;2022
2859;Tesla;Model D;1997
2860;Fiat;Model AW;2016
2861;GMC;Model AC;2002
2862;Mercedes-Benz;Model AX;2019
2863;Kia;Model A;2019
2864;Citroen;Model AS;2012
2865;BYD;Model CF;1999
2866;Jaguar;Model BT;1994
2867;Infiniti;Model BZ;2015
2868;BYD;Model A;1998
2869;Maruti Suzuki;Model CK;2022
2870;AC;Model Y;2002
2871;Apollo;Model AO;2014
2872;Spyker;Model AQ;2014
2873;Mini;Model AK;1995
2874;Spyker;Model AS;2005
2875;Lancia;Model AA;2005
2876;Cadillac;Model BE;1996
2877;Holden;Model BI;2024
2878;Smart;Model CD;1998
2879;Morgan;Model AQ;2007
2880;Ginetta;Model CE;2017
2881;Tata;Model S;2018
2882;Volvo;Model BC;2018
2883;Perodua;Model AA;1994
2884;Land Rover;Model BO;1992
2885;De Tomaso;Model BM;2010
2886;Donkervoort;Model AN;2024
2887;Buick;Model AU;1995
2888;Tata;Model BV;2020
2889;Suzuki;Model CH;1993
2890;Hyundai;Model BK;2016
2891;BYD;Model AC;1993
2892;Daihatsu;Model AR;1992
2893;Opel;Model T;2015
2894;Laraki;Model BD;2018
2895;Pagani;Model Z;2019
2896;Koenigsegg;Model C;2002
2897;Peugeot;Model AN;2003
2898;Singer;Model BY;1993
2899;Toyota;Model F;2006
2900;Nissan;Model U;1993
2901;Rover;Model AB;2013
2902;Alfa Romeo;Model BC;2021
2903;Honda;Model BU;2022
2904;Rolls-Royce;Model W;2004
2905;Laraki;Model AB;2018
2906;Maruti Suzuki;Model Z;2024
2907;Haval;Model AF;2016
2908;AC;Model K;2001
2909;Maserati;Model BI;2015
2910;BYD;Model X;1995
2911;Citroen;Model BQ;1998
2912;Pagani;Model BM;2010
2913;Fiat;Model BW;1999
2914;Wiesmann;Model BD;2003
2915;Wiesmann;Model J;2016
2916;Lamborghini;Model BW;1997
2917;Volkswagen;Model AZ;1991
2918;Audi;Model BL;2009
2919;Proton;Model BZ;2002
2920;Hyundai;Model CL;2013
2921;Chrysler;Model BD;2012
2922;Maserati;Model AJ;2003
2923;Land Rover;Model AX;2007
2924;Chevrolet;Model W;2013
2925;Lancia;Model BJ;2011
2926;Haval;Model CE;2010
2927;Land Rover;Model AM;2005
2928;Subaru;Model AG;2005
2929;Ram;Model AR;2020
2930;Citroen;Model Q;2014
2931;SsangYong;Model BA;2002
2932;Ferrari;Model CE;2002
2933;Caterham;Model U;2024
2934;Zenvo;Model BQ;1994
2935;Ascari;Model AJ;2010
2936;De Tomaso;Model CG;1991
2937;Ascari;Model BL;1999
2938;Subaru;Model CG;2003
2939;Qvale;Model BC;2018
2940;SsangYong;Model CB;2022
2941;Bentley;Model Q;1993
2942;Mahindra;Model O;1999
2943;Scion;Model K;2004
2944;Ram;Model AF;2010
2945;De Tomaso;Model BR;2008
2946;Lexus;Model AX;2017
2947;Ford;Model BM;1990
2948;Fiat;Model N;1997
2949;Chrysler;Model BF;2023
2950;Donkervoort;Model BT;2002
2951;Rolls-Royce;Model K;1994
2952;SsangYong;Model AT;2016
2953;Ford;Model BI;1993
2954;Kia;Model BS;2008
2955;Alfa Romeo;Model BS;1991
2956;Alfa Romeo;Model AH;2011
2957;Skoda;Model BG;2020
2958;Mercedes-Benz;Model BT;1990
2959;Morgan;Model AX;1998
2960;Ariel;Model F;2021
2961;Jeep;Model E;1994
2962;Rover;Model BE;1990
2963;Skoda;Model CC;2024
2964;Holden;Model K;1999
2965;Geely;Model BS;2014
2966;Ram;Model O;1997
2967;Lancia;Model R;1992
2968;Peugeot;Model CC;1993
2969;Great Wall;Model AE;2019
2970;Lancia;Model BZ;1997
2971;Zenvo;Model AH;2016
2972;Plymouth;Model CA;2013
2973;Maserati;Model CK;1992
2974;Porsche;Model J;1995
2975;Wiesmann;Model BY;2017
2976;Wiesmann;Model AT;2003
2977;Jeep;Model CB;2019
2978;Chevrolet;Model J;1996
2979;FAW;Model CD;1991
2980;Spyker;Model J;2007
2981;Laraki;Model BH;2014
2982;Pagani;Model AD;2005
2983;Mazda;Model Q;1992
2984;Cadillac;Model B;1990
2985;Scion;Model E;2024
2986;Land Rover;Model BU;2024
2987;Mazda;Model B;2018
2988;Bentley;Model S;1995
2989;Noble;Model AA;2011
2990;Lincoln;Model E;2007
2991;Laraki;Model AZ;2018
2992;Mercedes-Benz;Model AJ;2002
2993;Ariel;Model CA;2018
2994;Saab;Model R;2009
2995;Isuzu;Model U;2016
2996;Ariel;Model BK;1990
2997;Bentley;Model BT;2002
2998;Mini;Model U;2021
2999;Apollo;Model CL;2017
3000;Saab;Model AA;2006
