ID водителя;Имя;Возраст;Стаж вождения
1;Mrs. Laura Bowman MD;41;3
2;Audrey Meyers;57;3
3;Drew Castro;53;1
4;Mark Elliott;38;10
5;Megan David;36;2
6;James Morgan;38;1
7;Leslie Morales;39;7
8;James Thomas;28;4
9;Mary Martin;50;7
10;Sarah Evans;54;2
11;Shelby Long;52;5
12;Stephanie Porter;42;2
13;Gina Santiago;30;2
14;Michael Harrison;43;4
15;Yolanda Reeves;49;7
16;Mary Phillips;31;2
17;Monica Powell;58;10
18;Karen Gibson;46;9
19;Jacob Vasquez;53;8
20;Kristina Middleton;36;6
21;Rebecca Chang;29;8
22;Candice Glass;50;4
23;Melinda King;38;8
24;Michael Williams;35;9
25;Pamela Young;30;3
26;Laura Torres;34;10
27;Jennifer Trevino;49;7
28;Bradley Santos;38;4
29;Jessica Bell;34;6
30;Mark Patel;53;9
31;Joshua Dorsey;48;6
32;Elizabeth Meyer;52;10
33;Miranda White;33;2
34;Joseph Smith;42;2
35;Christopher Alvarez;30;1
36;Justin Gonzales MD;37;3
37;Natasha Martin;21;9
38;Nathan Guerra;35;2
39;Samuel Taylor;37;10
40;Brittany Browning;29;4
41;Julie Barnes;23;6
42;Jessica Donovan;36;4
43;Michael Hobbs;52;1
44;Eric Cervantes;52;8
45;Molly Anderson;27;6
46;Barbara Harrison;45;1
47;Daniel Murphy;26;1
48;William Hernandez;46;1
49;Christopher Lewis;49;6
50;George Owen;48;10
51;Elizabeth Boone;26;2
52;Joshua Warren;42;8
53;Nicholas Bowers;34;2
54;Jennifer Kennedy;43;7
55;Danielle Diaz;44;2
56;Matthew Weaver;26;8
57;Eric Shaw;30;7
58;Jessica Gonzalez;55;5
59;Kevin Day;28;6
60;Mr. Richard Garrett;54;7
61;Sarah Garcia;28;2
62;Robert Johnson;54;9
63;Gerald Campbell;32;5
64;Anna Warner;37;3
65;Andrew Turner;42;8
66;Thomas Osborn;41;10
67;Morgan Smith;34;7
68;Robert Garcia;30;3
69;Tracey Hernandez;31;7
70;William Dean;52;2
71;Mary Stuart;28;4
72;Jill Lopez;40;7
73;Jamie Morales;21;9
74;Elizabeth Gomez;51;1
75;Ryan Stevens;56;8
76;Mr. Steven Myers;20;1
77;James Anderson;46;4
78;Henry Grant;43;5
79;Corey Dominguez;57;8
80;Paul Little;40;3
81;Justin Smith;27;10
82;Jason Pennington;55;7
83;Nancy Mora;55;9
84;Alexis Hall;57;10
85;Samantha Mills;52;1
86;Melissa Carlson;60;8
87;Heather Ramos;52;1
88;Linda Hancock;55;1
89;Kevin Lindsey;36;3
90;Curtis Santos;36;4
91;Sandy Cole;25;10
92;Jared Sanders;55;3
93;Christopher Tucker;53;7
94;Francisco Lowe;35;9
95;Alexis Shelton;34;8
96;Matthew Holder;38;8
97;Karen Evans;20;9
98;Brett Maynard;34;8
99;Robert James;41;3
100;Brandy West;21;1
101;Laura Taylor;49;10
102;Shelly Rodriguez;55;9
103;Jacob Perez;36;8
104;James Phillips;56;8
105;Briana Nelson;29;3
106;Cassandra Hernandez;21;10
107;Tina Johnson;41;4
108;Robin Sullivan;40;6
109;Jennifer Garcia;29;9
110;Michelle Brooks;43;6
111;Mr. Kyle Bowers Jr.;34;10
112;Renee Mendoza;30;1
113;Jacqueline Jones;28;8
114;Jennifer Hoffman;39;3
115;Kristine Hanna;32;10
116;Valerie Garcia;41;5
117;Jessica Stark;33;6
118;Nancy Jones;49;4
119;Debra Coleman;26;9
120;Frank Kennedy;36;7
121;David Lozano;39;5
122;Carolyn Fitzpatrick;38;2
123;Kim Vaughn;52;9
124;Thomas Smith;44;3
125;Kristen Brown;49;3
126;Samantha Johnson;37;10
127;Angela Oliver;58;5
128;Justin Owen;55;1
129;Jeremy Romero;48;3
130;Jared Cervantes;22;3
131;Danielle Heath;49;8
132;Ashley Taylor;20;2
133;Bernard Bond;27;2
134;Tina Thomas;41;4
135;Kim Dennis;29;8
136;Elizabeth Ford;29;8
137;Patricia Lee;46;8
138;Cynthia Thomas;32;2
139;Phillip Maxwell;32;10
140;Kenneth Wilkinson;57;7
141;Kevin Frazier;39;4
142;Connie Gonzalez;22;5
143;Alexis Ramirez;49;6
144;Ronnie Holland;46;6
145;Veronica Kemp;38;2
146;Alexis Cunningham;57;3
147;Ronald Garza;46;2
148;Taylor Barrett;20;8
149;Calvin Jimenez;34;9
150;Oscar Lawrence;32;8
151;Emily Moran;34;9
152;Mary Anderson;57;7
153;Rebecca Miranda;29;10
154;Megan Morris;33;3
155;Heidi Robinson;25;4
156;Gregory Obrien;41;2
157;Margaret Roman;59;5
158;Charles Lewis;26;6
159;Austin Douglas;36;6
160;Gina Smith;23;6
161;Teresa Hernandez;39;8
162;Kathleen Weiss;49;2
163;Tanya Simpson;26;2
164;Zachary Contreras;25;10
165;Monica Jimenez;50;2
166;Sean Kidd;28;10
167;Jason Anderson;30;5
168;Terri Alvarez;20;5
169;Matthew Patel;55;5
170;Jeffrey Wilson;34;3
171;Jennifer Knapp;53;2
172;William Cole;47;1
173;Andrew Marsh;38;8
174;David Wilson;35;1
175;Steven Ward;50;3
176;Jillian Lopez;22;9
177;Ashley Maxwell;59;8
178;Kimberly Watkins;38;3
179;Kathleen Scott;47;6
180;Angela Brown;53;7
181;Jason Ford;39;10
182;Jack Fox;23;1
183;Jorge Marsh;60;4
184;David Frank;59;6
185;Jenny Benton;42;1
186;Victor Thomas;29;4
187;Eric Armstrong;52;4
188;Crystal Barrett;37;5
189;Christy Richards;59;9
190;Jennifer Ramirez;29;7
191;Melissa Costa;21;7
192;Susan Evans;58;10
193;Thomas Stanley;46;10
194;Mitchell Barajas;48;1
195;Christy Martinez;23;5
196;Brett Parrish;56;8
197;Timothy Harris;26;8
198;Margaret Woods;21;6
199;Mary Lewis;20;6
200;Devin Choi;21;6
201;Monica Ramos;28;9
202;Michael Hayes;42;5
203;Brenda Lozano;35;2
204;Christina Farmer;39;5
205;Charles Stevens;29;7
206;Yolanda Jordan;57;4
207;Heather Pierce;56;7
208;Justin Evans;52;10
209;Jamie Nicholson;43;6
210;Cassandra Garcia;35;8
211;Lori Johnson;26;3
212;Brian Brown;26;6
213;John Lopez;22;5
214;Paul Schmidt;53;8
215;April Acevedo;37;2
216;Victoria Porter;46;5
217;William Smith;47;10
218;Tracy Munoz;27;9
219;John Jordan;52;3
220;Kyle Rodriguez;47;7
221;Joshua Harvey;37;1
222;Carolyn White;53;9
223;Brian Dawson;36;5
224;Donald Griffin;51;9
225;Sherry Alvarez;46;10
226;Kenneth Wallace;44;2
227;Brian Schmidt;44;1
228;Lisa Underwood;24;8
229;Cynthia Golden;54;6
230;Margaret Price;46;6
231;Zachary Wong;60;7
232;Victor Dunn;36;1
233;Hayley Garcia;25;5
234;Johnny Owens;44;5
235;Joshua Conner;50;5
236;Tiffany Chavez;47;6
237;Derek Smith;27;5
238;Jamie Campos;55;8
239;Robert Fuller;30;7
240;Kevin Fletcher;32;5
241;Raven Gibson;32;3
242;Felicia Fleming;41;9
243;Sarah Castillo;49;3
244;Mrs. Kimberly Rodriguez DDS;57;7
245;Jennifer Taylor;24;6
246;Jessica Boyer;36;3
247;David Cook;28;3
248;Samantha Flowers;58;10
249;Joan Jenkins;27;8
250;Robert Carroll;31;3
251;Travis Clark;26;6
252;Rebecca Branch;58;5
253;Steven Parker;23;7
254;Jessica Wallace;24;7
255;John Price;30;8
256;Anthony King;42;7
257;Michael Carlson;29;1
258;Erika Smith;53;1
259;Kyle Ryan;56;2
260;Alan Mccall;55;9
261;Mary Elliott;26;4
262;Michael Macias Jr.;43;3
263;Nicholas Camacho;30;9
264;Timothy Moore;59;4
265;Thomas Cowan;39;2
266;Harold Boone;35;2
267;Cynthia Sheppard;22;5
268;Veronica Freeman;51;3
269;Kelsey Dawson;58;5
270;Ralph Erickson;51;4
271;Perry Nelson;54;4
272;Travis Nguyen;26;7
273;Jason Young;56;6
274;Sandra Bates;52;6
275;Jasmine Mcbride;32;7
276;Katelyn Miller;44;5
277;Eric Chang;60;3
278;Theresa Davila;46;5
279;Angela Harris;42;9
280;Victoria Acevedo;24;2
281;Michelle Lambert;33;3
282;Tyler Richardson;40;10
283;Mark Rodriguez;43;5
284;Brittany Russo;43;8
285;Peter Garrett;24;8
286;Daniel Smith;50;7
287;Jeremy Rasmussen;36;7
288;George Sanchez;35;10
289;Michelle Lee;29;4
290;Alan Atkinson;35;1
291;Eric Stewart;42;7
292;Shannon Gill;60;8
293;Anthony Barron;52;10
294;Jennifer Sutton;39;7
295;Anna Gill;30;1
296;Tammy Webster;40;9
297;Ryan Gay;55;3
298;Jennifer Smith;36;4
299;Cheryl Andersen;22;10
300;Melissa Fisher;47;5
301;Daisy Gomez;22;7
302;Phyllis Wallace;45;5
303;Jeffrey Ashley;38;9
304;Anne Johnson;53;8
305;Gina Murphy;36;10
306;Luke Velasquez;27;8
307;Patricia Russell;23;1
308;Jennifer Walker;33;10
309;Hannah Rodriguez;37;7
310;Rebecca Barrett;31;3
311;Jill Salinas;32;10
312;Mary Jones;49;2
313;William Santiago;40;6
314;Brian Long;45;3
315;Tim Lee;42;4
316;Kelly Montgomery;33;2
317;Thomas Cruz;28;4
318;Jonathan Dougherty;41;8
319;Emily Gross;53;1
320;Meghan Roy;44;4
321;Sarah Jones;55;3
322;Kenneth Harris;34;1
323;Elizabeth Bender;56;8
324;James Green;31;6
325;Mary Peters;47;8
326;Adam Webb;56;3
327;Caitlin Howard;42;9
328;Kaitlyn Williamson;52;4
329;Cassandra Sanchez;26;8
330;Kristina Hoffman;34;10
331;Roger Flores;29;1
332;Courtney Gonzalez;54;4
333;Stephanie Myers;60;3
334;Scott Chambers;58;5
335;Daniel Duncan;28;4
336;Marissa Mcneil;44;5
337;Melissa Chan;41;3
338;Peter Nguyen;23;10
339;Christopher Johnson;53;9
340;Candace Dickson;22;4
341;Kevin Guerrero;57;8
342;Brian Clark;44;5
343;Kathryn Miller;25;4
344;Tom Johnson;59;7
345;Lisa Ford;22;2
346;Joe Bowman;24;5
347;Jessica Adams;53;8
348;John Powell;46;8
349;John Armstrong;56;9
350;Ricardo Brown;49;2
351;Jason Mcdonald;26;4
352;Nicole Myers;26;9
353;David Dalton;26;4
354;Tyler Baker;23;6
355;Nicolas Smith;51;8
356;George Morse;41;3
357;Steve Hamilton;42;5
358;Matthew Marsh;44;5
359;Linda Blanchard;39;2
360;Sierra Tran;31;4
361;Erica Santos;33;7
362;Amy Morales;60;8
363;Brandon Rice;25;7
364;Anna Snyder;45;6
365;Samantha Miller;34;1
366;Jeremy Tucker;39;10
367;Marie Hayden;60;3
368;Lawrence Barrett;30;8
369;James Howard MD;25;1
370;Anthony Smith;48;5
371;Crystal Carlson;21;3
372;Lee Young;52;1
373;Kevin Nelson;53;1
374;Raymond Hamilton;54;3
375;Benjamin Lang;24;9
376;Jacqueline Harris;55;1
377;Jessica Sanford;23;6
378;Timothy James;34;5
379;Brenda Atkins;55;2
380;Christopher Smith;27;9
381;Jennifer Smith;23;5
382;Kelly Walton;22;6
383;Brianna Shepard;33;9
384;Charles Nelson;58;4
385;Amanda Lewis;50;1
386;Justin Young;55;9
387;Michelle Long;30;5
388;Jonathon Phelps;55;5
389;Ernest Charles;36;1
390;Zachary Davis;42;2
391;Jamie Kennedy;57;1
392;Kathleen Taylor;28;10
393;Robert Williams;52;5
394;Kathleen Garcia;43;6
395;Robert Grant;32;4
396;Terri Campbell;27;9
397;Robert Barnes;50;7
398;Samantha Charles;27;4
399;Timothy Coleman;22;6
400;Marie Cooper;39;10
401;Kyle Mcconnell;39;2
402;Katherine Saunders;30;7
403;Sherry Bryant;30;9
404;Heather Williams;22;7
405;Megan Palmer;25;6
406;Russell Campbell;55;5
407;Amber Campbell;56;10
408;Lisa Anderson;25;3
409;Mark Terry;41;2
410;Kenneth Jones;41;9
411;Robin Newman;27;5
412;Andrea Johnson;52;10
413;Michael Gardner;52;10
414;Savannah Collins;39;3
415;Joshua Scott;25;2
416;Michael Chavez;30;2
417;Amanda Butler;21;5
418;Sandra Cooley;52;7
419;Emily White;23;4
420;Ronald Rodriguez;56;4
421;Patrick Williamson;35;1
422;Alisha Vang;34;3
423;Keith Davidson;50;1
424;Melissa Williams;50;1
425;Samuel Brown;32;8
426;David Huynh;37;4
427;Mark Jackson;23;3
428;Donald Allen;22;3
429;John Flores;41;2
430;Wendy Levine;35;7
431;Brian Berry;38;3
432;Timothy Martinez;33;4
433;Jason Schultz;23;3
434;Dawn Chase;48;1
435;Timothy Mckinney;46;10
436;Amanda Davenport;38;6
437;Terri Mason;24;4
438;Katherine Macdonald;37;3
439;James Mcfarland;39;1
440;Daniel White;36;6
441;Betty Harris;59;1
442;Elizabeth Wilson;40;6
443;Linda Rodriguez;51;2
444;Jamie Walker;34;5
445;Melanie Ayala;46;8
446;Pamela Stevens;54;6
447;Eric Smith;52;10
448;Jacqueline Johnson;52;7
449;Lance Lopez;47;6
450;Dr. Jessica Terry;39;4
451;Paula Acosta;58;2
452;Christian Santos;45;3
453;Raymond Montoya;48;2
454;Laurie Morales;26;7
455;Mark Vargas;27;5
456;Troy Torres;38;9
457;Stephen Howell;27;1
458;Jessica Shelton;27;10
459;Shelby Brown;42;10
460;Linda Carey;26;6
461;Andrew Black;27;4
462;Anthony Bennett;41;6
463;Kevin Kennedy;26;4
464;Laura Allison;22;3
465;Amy Bates;34;1
466;Dawn Klein;38;10
467;Marcus Washington;52;8
468;Daniel Miller;55;3
469;Vanessa Reyes;27;4
470;Kevin Robinson;49;4
471;Taylor Parker;43;7
472;Michelle Oneal;32;3
473;Jessica Russell;53;7
474;Kendra Riley;43;8
475;Victor Diaz;58;7
476;Ann Price;56;5
477;Harold Wells;59;2
478;Patricia Vasquez;49;6
479;Angela Martin;43;1
480;Karen Hancock;59;6
481;Samuel Moore;27;6
482;Clifford Wood;24;7
483;Charles Wright;41;1
484;Kathleen Garcia;27;6
485;Monique Bridges;21;1
486;Katie Smith;51;1
487;Meagan Gray;34;3
488;Leslie Wallace;20;9
489;Daniel Morgan;47;9
490;Lindsay Wright;50;7
491;Sarah Flores;52;5
492;Brendan Dickerson;55;9
493;Joshua Rich;33;9
494;Tyler Hamilton;27;4
495;Devon Clark;25;8
496;Mark Potter;33;9
497;Daniel Clark;31;9
498;Sarah Boyer;38;8
499;Traci Harris;59;3
500;Veronica Williams;40;5
501;Sara Brown;21;2
502;Justin Foster;57;8
503;Heather Schmidt;57;1
504;Sonya Thompson;59;2
505;Laura Brown;26;5
506;Lori Morgan;29;7
507;Jimmy Romero;41;4
508;Dawn Perry;26;4
509;Patricia Carr;46;6
510;David Bauer;45;9
511;Zachary Howell;37;3
512;Brian Harrison;43;6
513;Gabrielle Allen;51;7
514;Ashley Wu;26;7
515;Nicole Cook;25;1
516;Regina Smith;36;6
517;Eric Turner;47;2
518;Michael Diaz;35;5
519;Jessica Williams;46;1
520;Adam Simmons;35;8
521;Karen Johnson;25;9
522;Sherry Roth DDS;38;1
523;Louis Barker;25;6
524;Dr. Patty Chavez;22;6
525;Madeline Elliott;27;1
526;Jerry Long;50;10
527;Andrea Finley;41;4
528;Heather Castaneda;31;6
529;Christopher Stewart;47;1
530;Kevin White;29;9
531;Ernest Williams;39;8
532;Christopher Rodriguez;20;5
533;Angela Smith;56;9
534;Allison Villa;52;7
535;Cynthia Estrada;24;2
536;Tammy Cooper;53;10
537;Thomas Rios;53;8
538;Danielle Lewis;44;6
539;Michael Lester;49;10
540;Erica Ramirez;43;9
541;Jennifer Thomas;50;8
542;Chad Russell;35;8
543;Joseph Allen;21;4
544;Brian Kim;60;8
545;Amber Livingston MD;46;10
546;Brenda Johnson;34;9
547;Alicia Williams MD;39;9
548;Natalie Barker;41;1
549;Carol Velez DDS;49;4
550;Gabrielle Gonzalez;31;7
551;Edward Mcdonald;23;7
552;James Martinez;36;7
553;Katie Thomas;54;8
554;Lynn Jenkins;40;3
555;Brittany Cooper;58;2
556;Amanda Harris;44;5
557;Scott Powell;40;9
558;Nicholas Evans;40;8
559;Kathleen Hall;25;2
560;Emma Jones;56;5
561;Stacy Guzman;37;3
562;Melanie Martinez;47;7
563;Juan Williams;57;5
564;Mrs. Rhonda Park MD;42;1
565;Timothy Wright;21;10
566;Shawn Nunez;52;10
567;Vanessa Moore;21;3
568;Richard Franklin;30;10
569;Martin Morgan;21;3
570;Heather Coleman;20;1
571;Kevin Harding;27;5
572;Angela Norris;31;6
573;Lisa Mays;40;1
574;Dana Freeman;35;1
575;Anthony Bray;56;6
576;Lisa Williams;31;3
577;Jean Bond;30;2
578;Carolyn Carrillo;42;1
579;Stacey Robles;56;2
580;Amy Gibbs;35;1
581;Angela Ritter;36;4
582;Jessica Woods;54;4
583;Jason Wood;48;7
584;Kevin Roberson;38;4
585;Kendra Young;53;1
586;Jennifer Mendez;46;10
587;Kelly Hernandez;43;2
588;Jill Brown;47;7
589;Joel Everett;28;9
590;Mary Barrett;22;7
591;Danielle Dalton;40;3
592;Jimmy Carr;43;2
593;Wayne Orozco;44;9
594;Kathleen Sanford;33;2
595;Caitlin Roberts;56;10
596;Terri Zamora;51;2
597;Brian Clark;32;1
598;Noah Thomas;34;4
599;Monique Mclean;20;7
600;Christian Mcmahon;45;6
601;Patrick Herman;50;1
602;Jessica Chapman;31;7
603;Angela Mills;20;1
604;Barbara Jones;31;4
605;Rose Carr;60;8
606;Margaret Medina;37;4
607;Monica Mcclure;53;7
608;Justin Adams;36;6
609;Lori King;46;2
610;Gary Miller;48;4
611;Karen Barber;39;5
612;Christopher Adams;25;1
613;Kenneth Reilly;42;5
614;Elizabeth Conway;25;10
615;James Wolf;22;7
616;Mrs. Rachel Edwards MD;29;7
617;Cory Jimenez;60;9
618;Abigail Foster;50;4
619;Christine Mckinney;46;1
620;Janice Harris;42;3
621;Evan Rice;27;9
622;Pamela Villarreal;51;10
623;Angela Hicks;42;9
624;David Taylor MD;41;10
625;Craig Rice;31;2
626;Alyssa Clark;32;9
627;Joshua Long;36;1
628;Kelsey Thompson;21;5
629;Mr. Maurice Smith;58;4
630;David Colon;28;10
631;Dr. Sandra Cox;57;6
632;James Hancock;37;3
633;Ronald Johnson;58;1
634;Sean Morrison;36;2
635;Duane Watson;30;3
636;Justin Wright;25;3
637;Jeffrey Aguilar;37;8
638;Destiny Burke;58;3
639;Arthur Turner;26;9
640;Carla Bullock;31;3
641;Timothy Garcia;41;8
642;Michael Chang;42;5
643;Megan Hawkins;33;1
644;Curtis Singleton;59;10
645;Tammy Owens;34;10
646;Shawn Petersen;32;7
647;Jessica Johnson;43;2
648;Ms. Margaret Tran;55;6
649;Antonio Snyder;29;4
650;Heather Taylor;60;8
651;Jennifer Brown;45;9
652;Charles Baker;22;10
653;Dr. David Price MD;44;5
654;Melinda Avery;51;10
655;Thomas Scott;33;9
656;Katie Pace DDS;52;7
657;Curtis Peterson;44;6
658;William Duncan;57;9
659;Alicia Stone;34;3
660;Hunter Williams;40;3
661;Michael Shaffer;47;6
662;Sandra Mercado;21;5
663;Timothy Bray;59;1
664;Vickie Simpson;25;1
665;Jamie Rogers;56;4
666;Sue Walker;21;1
667;Terrence Gonzalez;52;1
668;Rebecca Rodriguez;34;3
669;Kevin Spencer;53;1
670;Carmen Moss;25;9
671;Danielle Lee;21;2
672;Brent Smith;46;5
673;Elizabeth Marsh;59;10
674;Juan Dean;50;6
675;Sherry Drake;53;6
676;Jessica Lewis;27;5
677;Marcus Nguyen;38;6
678;Gregory Douglas;23;3
679;Dylan Horton;35;3
680;Carlos Mcguire;32;7
681;Trevor Warner;57;6
682;Carol Patrick;56;2
683;Kimberly Barker;42;1
684;Timothy Dillon;42;9
685;Debra Snow;29;10
686;Kathy Brown;38;3
687;Daniel Kelly;46;10
688;Jody Sanders;34;3
689;Brian Jensen;22;5
690;Anthony Day;21;5
691;Carlos Schultz;30;1
692;Anthony Wise;59;10
693;Tanya Miles;57;5
694;Keith Jones;25;8
695;David Fisher;25;10
696;Kimberly Henderson;58;9
697;Leslie Riley;20;8
698;Keith Robinson;22;4
699;Manuel Armstrong;20;8
700;Mitchell Morales;60;4
701;Kevin Dougherty;20;8
702;Adam Meyer;59;1
703;Theresa Alexander;28;4
704;John Carter;53;8
705;Sheena Martin;50;7
706;Vanessa Duarte;48;9
707;Krystal Rojas;58;10
708;Ruth Scott;47;8
709;Marvin Reynolds;28;7
710;Laura Crane;40;5
711;Angela Chan;39;2
712;Austin Riley;27;4
713;Jill Shaw;54;1
714;Charlene Thompson;52;1
715;Andrew Foster;52;10
716;Diane Saunders;49;3
717;Michael Carrillo;43;4
718;Karen Thompson;39;8
719;Joseph Garcia;55;3
720;Tasha Mosley;29;6
721;John Mullins;55;9
722;Mark Barrera;22;3
723;Rebecca Harris;28;3
724;Paula Roberson;39;1
725;James Rivas;29;2
726;Jennifer Johnson;59;7
727;Jerry Harris;40;3
728;Marissa Campbell;31;1
729;Deborah Rangel;41;9
730;Nancy Allen;35;10
731;Teresa Rodriguez;53;6
732;Guy Garcia;24;4
733;Billy Moss;38;1
734;David Franklin;21;10
735;Christina Raymond;50;3
736;Melissa Pace;53;9
737;Nicole Foster;46;9
738;Blake Williams;27;4
739;Sean Roberts;57;3
740;Brittany Smith;57;4
741;Linda Hill;55;5
742;Lauren Crane;31;9
743;William Butler;21;10
744;Laura Gutierrez;36;8
745;Brian Dyer;59;2
746;Russell Gibson;37;3
747;Tyler Henderson;56;8
748;Anthony Greene;34;2
749;Elizabeth Jones;46;8
750;Stephen Lopez;23;6
751;Jordan Smith;49;2
752;Brandon Li;50;4
753;Shelly Schneider;20;1
754;Amy Webb;24;10
755;Nicole Barr;29;8
756;Amanda Edwards;31;9
757;Lisa Davis;44;8
758;Laura Craig;44;7
759;Isabel Garcia;25;1
760;Vicki Vang;28;3
761;Mary Clay;35;7
762;Willie Boyle;41;2
763;Carla Ruiz;59;7
764;Michelle Hess;54;5
765;Lee Combs;34;5
766;James Adams;20;2
767;Sue Davis;54;5
768;Thomas Hahn;43;2
769;Samantha Guerrero;36;10
770;Allen Wells;30;4
771;Jerome Gregory;49;1
772;Jeffrey Moore;50;5
773;Sandra Davis;52;2
774;Jaclyn Haas;56;4
775;Julian Zuniga;33;1
776;Joseph Bishop;57;2
777;Brandon Duke;26;2
778;Raymond Taylor;45;10
779;William Hicks;31;8
780;Connor Coleman;48;8
781;Shelby Robinson;40;2
782;Sabrina Miller;24;10
783;Kimberly Campbell;33;1
784;Brandy Gonzalez;56;4
785;Drew Christensen;34;6
786;Jenna Palmer;42;5
787;Renee Mcneil;29;1
788;Sandra Taylor;38;5
789;Christopher Dixon;51;3
790;Angelica Newman;38;10
791;Derek Winters;35;8
792;Stacy Lewis;36;7
793;Sheena Medina;37;4
794;Theresa Morris;59;10
795;John Jones;40;2
796;Bradley Watson;55;2
797;Rebecca Clark;36;5
798;Bryan Alvarez;37;1
799;Tamara Lewis;25;8
800;Jared Jimenez;55;5
801;Matthew Duarte;32;8
802;Carol Simon;36;7
803;Maureen Roberson MD;60;5
804;John Hoffman;34;1
805;Jamie Green;47;8
806;Christina Nguyen;32;2
807;Teresa Holmes;53;7
808;William Jenkins;58;1
809;Karen Smith;30;9
810;Karen Clark;51;10
811;Christopher Hall;53;8
812;Erica Bright;22;2
813;Jessica Gilmore;39;1
814;Hunter Cherry;32;10
815;Samuel Kramer;54;10
816;Tina Booth;28;4
817;Daniel Ross;32;3
818;Teresa Edwards;35;4
819;Robin Woods;23;6
820;Michelle Powell;58;4
821;Denise Baker MD;44;10
822;Daniel Khan;48;2
823;Mr. Ryan Orozco;51;5
824;Paul Williams;35;4
825;Scott Jenkins;28;6
826;David Martinez;38;1
827;Michael Sanchez;37;2
828;Martin Luna;38;7
829;Amanda Johnson;35;4
830;Michael Hicks;47;10
831;Brandon Cruz;23;1
832;Luis Malone;32;2
833;Christopher Hanna;34;5
834;Michele Arroyo;40;3
835;Nicholas Smith;27;7
836;Michael Ross;58;3
837;Gregory Spencer;60;10
838;Gabriela Ross;51;2
839;Taylor Taylor;23;3
840;Steven Bender;52;1
841;Trevor King;52;3
842;Jennifer Moore;38;1
843;Joseph Reed;34;5
844;Billy Herring;46;6
845;Juan Townsend;24;7
846;Krystal Floyd;44;8
847;Cathy Martinez;27;6
848;Allison Baker;56;3
849;Roy Davis;28;1
850;Teresa Rasmussen;44;4
851;Yvonne Ward;24;4
852;Tanner Brown;47;3
853;Lance Pearson;30;7
854;Robert Peters;29;9
855;Nicholas Hall;34;3
856;Ryan Santos;55;1
857;Andrea Freeman;42;3
858;Melissa Thompson;52;5
859;Brandon Russell;49;10
860;Susan Hayes;33;9
861;Katherine Miller;34;8
862;James Lawson;36;7
863;Patrick Kim;34;9
864;Cynthia Burton;57;9
865;Michael Jackson Jr.;22;2
866;Ryan Butler;45;8
867;Justin Lucero;56;4
868;William Lee;27;8
869;Timothy Carey;54;10
870;Vincent Bowman;59;3
871;Jorge Hatfield;28;4
872;Matthew Matthews;52;1
873;Sarah Campbell;58;8
874;Paige Short;39;1
875;Darlene Fisher;48;9
876;Sherry Preston;29;4
877;Robin Johnson;25;4
878;Brittany Mason;35;6
879;Christopher Reyes;43;9
880;Aaron Fields;56;7
881;Vincent Lopez;58;6
882;Jeffrey Roberts;52;3
883;Matthew Mullen;46;10
884;Lisa Thompson;53;9
885;Paul Le;21;10
886;Angela Khan;33;2
887;Bridget Pennington;56;3
888;Brandy Yang;55;5
889;Stephanie Warren;35;3
890;John Marsh;45;1
891;Amanda Lam;32;3
892;Amy Norton;28;9
893;Cheryl Anderson;38;6
894;Sarah Davis;32;2
895;Julia Morales;27;2
896;Erik Johnson;51;9
897;Sheila Watts;47;1
898;James Perez;26;9
899;Joel Garcia;40;2
900;Rebecca Smith;45;5
901;Jessica Branch;25;6
902;Manuel Taylor;47;6
903;Carlos Rojas;34;1
904;Kim Solis;50;4
905;Meredith Vega;60;6
906;Albert Stewart;35;6
907;Michael Martin;29;3
908;Diana Rosales;56;7
909;Melanie Herrera;45;2
910;Angie Lewis;45;7
911;Alexandra Strickland;48;1
912;Bethany Mccoy;20;10
913;Bruce Doyle;48;8
914;Joe Taylor;27;4
915;Tiffany Stuart;57;1
916;Beverly Horton;58;8
917;Jeremy Miranda;49;5
918;Amy Vasquez;27;3
919;Edward Estrada;50;7
920;Thomas Collins;52;2
921;Michelle Duffy;52;3
922;Robert Hayes;46;5
923;Robert Lara;52;9
924;Derek Welch;22;10
925;Patrick Kennedy;20;7
926;John Atkinson;37;4
927;Sheri Carrillo;27;7
928;Ryan Peck;56;3
929;Miranda Jackson;46;8
930;Whitney Williams;22;4
931;George Frey;22;2
932;Lance Chambers;24;2
933;Dr. Kyle Oliver;30;7
934;Anna Anderson;23;5
935;Jacob Powell;23;1
936;John Lopez;32;3
937;Peter Smith;49;3
938;Nicholas Hernandez;57;3
939;Jennifer Anderson;39;1
940;Carol Diaz;59;7
941;Mrs. Kellie Meyer;24;7
942;John Hawkins;26;3
943;Stephanie Marks;32;6
944;Steven Lane;26;4
945;Peter Jordan;46;1
946;Abigail Johnson;26;10
947;Cassandra Hoffman;37;7
948;Stacie Schmidt;46;9
949;Miguel Perez;52;10
950;Trevor Bowman;23;4
951;Rachel Day;48;8
952;Robert Collins;29;1
953;Yvonne Delgado;25;4
954;Sarah Patrick;57;8
955;Adam Porter;33;2
956;Nichole Morales;32;8
957;Nicole Ortiz;51;6
958;Ryan Graham III;34;3
959;Rachel Jacobs;28;1
960;Paula Howe;33;6
961;Heidi Fernandez;38;5
962;Tyler Morales;27;1
963;Anthony Vasquez;55;7
964;Shelia Mahoney;46;7
965;Kristen Lopez;22;2
966;Nicole Odom;38;5
967;Heather Leon;21;3
968;Mary Crawford;25;10
969;Lauren Smith;40;8
970;Joan Conway;48;3
971;Curtis Flores;21;7
972;Linda Bradley;54;7
973;Linda Craig;58;9
974;Zachary Marshall;60;7
975;Brian Ward;29;7
976;Kayla Parker;44;3
977;Kirsten Peterson;52;7
978;Beth Thompson;51;2
979;Kevin Smith;24;1
980;Joshua Nixon;41;6
981;Lindsay Ward;32;8
982;Thomas Torres;43;9
983;Theresa Perez;20;7
984;Michael Roth;47;6
985;Kara Reid;27;7
986;Darin Smith;40;2
987;Jennifer Mcbride;51;3
988;Darren Wilson;51;9
989;Michael Whitaker;31;4
990;Mark Neal;30;4
991;Ryan Brown;32;7
992;Nathan Martinez;29;3
993;Albert Gomez;56;3
994;Dwayne James;28;9
995;Mark Spencer;47;2
996;Rebecca Howard;39;10
997;Eric Velasquez;53;5
998;Jill White;29;1
999;Andrew Anderson;27;4
1000;Fred Morgan;34;10
1001;Gregory Howard;60;2
1002;Joshua Meza;36;10
1003;Margaret Page DVM;35;1
1004;Steven Davis;31;1
1005;Heather Vazquez;39;9
1006;Austin Perkins;46;6
1007;Laura Sherman;27;4
1008;Kathy Hernandez;42;1
1009;Kevin Gutierrez;31;10
1010;Felicia Arnold;26;8
1011;Colleen Evans;35;4
1012;Timothy Dawson;51;7
1013;Brian Mccoy;36;4
1014;Elaine Ward;38;4
1015;Dawn Wells;34;3
1016;Charles Chavez;25;7
1017;Scott Brown;33;2
1018;Lisa Castro;60;10
1019;David Massey;22;10
1020;Bradley Cole;48;3
1021;Eric Brandt Jr.;52;2
1022;Jamie Turner;48;6
1023;Thomas Gonzalez;41;3
1024;Shawn Taylor;57;9
1025;Gregory Gross;57;9
1026;Steven Novak;33;7
1027;Kathryn Chung;60;10
1028;Joel Adams;36;2
1029;Cynthia Navarro;60;3
1030;Andrea Taylor;32;1
1031;Breanna Phillips;41;3
1032;Anita Robinson;49;6
1033;Anthony Green;20;9
1034;Dana Choi;55;9
1035;Joel Castillo;50;4
1036;Roger Summers;37;9
1037;Miranda Davidson;35;5
1038;James Sweeney;44;4
1039;Steven Strong;37;9
1040;Joe Gilbert;39;3
1041;Michael Thompson;29;3
1042;Nathaniel Montoya;55;4
1043;Daniel Robinson;60;1
1044;Megan Munoz DDS;52;10
1045;Randall Jackson;52;3
1046;Benjamin Miller;20;3
1047;Deborah Marquez;47;9
1048;Rebecca Perry;38;3
1049;Jasmine Green;20;6
1050;Ashley Frye;55;2
1051;Richard Walker;24;1
1052;Daniel Ballard;27;9
1053;Tiffany Arnold;56;7
1054;Amanda Fowler;47;2
1055;Christopher Johnson;36;6
1056;Patrick Robbins;21;10
1057;Juan Patton;42;4
1058;Paula Taylor;20;1
1059;James Newman;49;6
1060;Lori Simpson;27;3
1061;Jimmy Chapman Jr.;28;8
1062;Kayla Green;34;5
1063;Danielle Ballard;30;8
1064;Krista Jackson;59;9
1065;Nicole Jones;45;4
1066;Michele Blackburn;31;10
1067;Katherine Reed;55;2
1068;Gabrielle Nichols;48;10
1069;Kayla Costa;35;10
1070;Amanda Taylor;55;7
1071;Joseph Gardner;28;5
1072;Bridget Marks;39;2
1073;James Lee;42;2
1074;Juan Steele;21;6
1075;Jeremy Mack PhD;26;8
1076;Jessica Jackson;50;2
1077;Sarah Moore;21;6
1078;Jason Underwood;47;1
1079;Brian Weiss;24;8
1080;Kathleen Wilcox;23;2
1081;Carla Gonzales;45;9
1082;Michael Hogan;36;9
1083;Jeremiah Bullock MD;55;7
1084;Anne White;24;7
1085;Jeffrey Davis;25;7
1086;Austin Cooper;53;1
1087;Michael Reynolds;21;7
1088;William Farley;30;5
1089;Matthew Harris;60;10
1090;Joyce Smith;26;9
1091;Thomas Mejia;48;8
1092;Gregory Delgado;39;4
1093;Tonya Collins;43;7
1094;Jeffrey Peters;41;7
1095;Teresa Duran;20;3
1096;William Mills;29;5
1097;Hannah Douglas;28;1
1098;Mrs. Sheryl Miller;31;2
1099;Laurie Hoover;47;3
1100;Betty Clarke;23;3
1101;Ashley Walker;20;1
1102;Brandon Pruitt;40;8
1103;Timothy Huang;46;6
1104;Stacy White;33;10
1105;Michelle Day;52;6
1106;Thomas Patterson DVM;53;7
1107;Amanda Randall;21;1
1108;Kristen Dean;49;8
1109;Haley Rogers;39;6
1110;Jennifer Henderson;27;7
1111;Megan Kemp;52;2
1112;James Smith;58;6
1113;Amanda Sanders;57;3
1114;Evan Donovan;54;9
1115;Jessica Hunt;38;10
1116;Richard Page;52;6
1117;Jason Garza;35;4
1118;Cathy Kelley;26;7
1119;Tara Mora;39;4
1120;Michael Walton;37;5
1121;Cindy Roberts;58;6
1122;Jamie Kennedy;55;8
1123;Wayne Horne;23;10
1124;Nathan Hill;23;9
1125;Richard Medina;24;9
1126;Heather Patterson;44;1
1127;Jonathan Johnson;53;4
1128;Lisa Mitchell;42;4
1129;Michael Morse;27;5
1130;Vicki Green;47;5
1131;Richard Smith;28;7
1132;Phillip Clark;33;8
1133;Donald Dixon;41;2
1134;Bradley Guzman;32;10
1135;Norma Anderson;33;2
1136;Michelle Hayes;34;10
1137;Taylor Cunningham;36;5
1138;Aimee Wilson;28;6
1139;Sean Yates;22;8
1140;Sara Palmer;46;8
1141;Robert Snyder;45;8
1142;Daniel George;38;6
1143;Karen Shannon;35;1
1144;Adam Peterson;32;5
1145;David Salas;47;1
1146;Natalie Weiss;60;4
1147;Melinda Williams;57;9
1148;Jessica Giles;26;8
1149;Barbara Davis;26;1
1150;Veronica Reed;60;8
1151;David Wood;42;8
1152;Dana Young;29;8
1153;Kirk Armstrong;50;4
1154;Ricky Pierce;56;7
1155;Anita Douglas;46;4
1156;Kimberly Grant;34;1
1157;Marissa Garrett;33;5
1158;Dr. Brooke Stewart PhD;25;6
1159;Christopher Gordon;56;6
1160;Regina Ray;45;6
1161;Douglas Watson;45;2
1162;Brittany Parker;55;3
1163;Richard Hall;38;9
1164;Jeremiah Garcia;32;7
1165;Craig King;51;8
1166;Vanessa Potts;46;10
1167;Robert Dickson;47;2
1168;Peter Mora;58;10
1169;Rose Martinez;40;4
1170;Deborah Harris;29;10
1171;Christopher Joseph;56;5
1172;James Williamson;23;7
1173;Mr. William Griffin;32;10
1174;Michael Johns;39;7
1175;Michele Bowman;41;2
1176;Phillip Aguilar;28;10
1177;Jack Giles;23;4
1178;Madeline Woodward;47;9
1179;Pamela Brown;50;10
1180;Rebecca Smith;24;3
1181;Rachel Avery;44;8
1182;Eric Phillips;57;9
1183;Jesse Randall;51;8
1184;Ryan Bauer;58;2
1185;Laurie Thomas;52;5
1186;Gregory Benson;28;7
1187;Monica Ray;44;1
1188;William May;34;10
1189;Jonathan Hardy;60;10
1190;Michelle Smith;54;8
1191;Donald Paul;34;5
1192;Ryan Gonzalez;31;9
1193;Amy Payne;30;4
1194;Michelle Kramer;35;4
1195;Jennifer Scott;30;9
1196;Adam Nelson;46;9
1197;Michael Martinez;59;3
1198;Bryce Taylor;60;5
1199;Brittney Floyd;40;3
1200;Dylan Cobb;60;4
1201;Julia Chang;20;2
1202;Robyn Robinson;51;1
1203;Ronald Adams;28;2
1204;Brittney Shepherd;29;3
1205;Jill Davis;50;8
1206;Cody Henry;40;5
1207;Kyle Lowery;41;10
1208;Brett Bailey;44;5
1209;Richard Perez;53;5
1210;Alan Simpson;26;6
1211;Willie Barron;48;7
1212;Robert Carroll;42;1
1213;Kenneth Martinez MD;21;8
1214;Ryan Mcclure;48;7
1215;Donald George;42;1
1216;Amanda Johnson;30;2
1217;Albert Olson;47;4
1218;Jason Cruz;35;3
1219;Jason Robinson;41;4
1220;Patrick Tate;31;2
1221;Joseph Page;33;4
1222;John Brown;27;7
1223;Paul Strickland;35;5
1224;Lucas Ross;52;4
1225;Laura Holmes;39;4
1226;James Carroll;40;3
1227;Kyle Christian;44;10
1228;Kylie Montgomery;30;1
1229;David Pena;36;10
1230;Donna Hernandez;23;9
1231;Tony Schneider;25;7
1232;Edward Randolph;36;5
1233;Barbara Higgins;21;2
1234;Ronald Rodriguez;53;1
1235;Jason Terry;50;3
1236;Jessica Miller;24;2
1237;David Washington;49;3
1238;Jessica Mccann;22;10
1239;Christopher Meadows;26;6
1240;Sarah Lang;21;5
1241;Steve Knapp;55;5
1242;William Joseph;49;10
1243;Michael Randall;34;8
1244;Kevin Oneal;42;8
1245;Jacob Suarez;26;2
1246;Sarah Ramos;43;3
1247;Rebekah Short;28;8
1248;Charles Wilson;58;1
1249;Brandon Yang;60;6
1250;Rachel Thomas;42;4
1251;Kevin Hunt;26;3
1252;Cameron Ferguson;59;9
1253;Olivia Sanchez;59;1
1254;Jeanne Mann;52;2
1255;Glenn Young DDS;58;10
1256;Philip Morgan;34;8
1257;Alex Herring;55;6
1258;Jean Kim;59;6
1259;Diane Becker;54;1
1260;Samantha Marshall;35;2
1261;Pamela Williamson;37;7
1262;Marc Ramirez;25;5
1263;Wesley Reed;38;8
1264;Douglas Guzman;28;9
1265;Olivia Davis;31;7
1266;Courtney Rowland;39;1
1267;Michelle Harvey;59;6
1268;Lori Blankenship;58;5
1269;Richard Alexander;43;6
1270;Stanley Clayton;45;3
1271;Melissa Mora;52;5
1272;Heather Lewis;58;7
1273;Kristen Barnes;41;1
1274;Douglas Carlson;21;6
1275;Robert Mitchell;58;1
1276;Cheryl Richardson;35;1
1277;Amy Diaz;37;7
1278;William Williams;38;4
1279;Lauren Edwards;51;7
1280;Monica Tyler;39;2
1281;Laura Harrison;29;3
1282;Victoria Armstrong;52;6
1283;Bryan Larson;31;2
1284;Penny Fitzgerald;30;10
1285;Michael Hudson;32;6
1286;Veronica Davis;37;8
1287;Robert Roman;56;7
1288;Natalie Kennedy;27;10
1289;Ronald Mcgee;36;1
1290;Stacey Kane;42;2
1291;Alicia Barr;53;2
1292;Brooke Blevins;47;4
1293;Cameron Woods;23;3
1294;Robert Jones;58;5
1295;Hunter Woods;51;10
1296;John Ortega;43;2
1297;Stephen Kelly;55;8
1298;John Ortega;53;10
1299;Todd Holmes;26;4
1300;Amy Brown;20;1
1301;Cheryl Sullivan;43;7
1302;Gregory Cohen;52;9
1303;Edward Acosta;23;4
1304;Nicholas Reed;30;8
1305;Manuel Wilcox;28;8
1306;Matthew Stephenson;47;5
1307;Danielle Guzman;21;4
1308;Jessica Smith;42;4
1309;Jessica Mcdonald;36;5
1310;Tiffany Robinson;53;10
1311;Mr. Bill Wiley;54;4
1312;Terri Donovan;33;3
1313;Gloria Gonzalez;60;9
1314;Gerald Fernandez;40;8
1315;Jacob Rice;39;8
1316;Elizabeth Stephens;58;4
1317;Christine Cummings;42;2
1318;Erica Montes;30;9
1319;Charles Garrett;38;1
1320;Noah Frey;27;5
1321;Danielle Evans;23;1
1322;Gregory Hall;58;1
1323;Loretta Brown;52;2
1324;Matthew Terry;30;1
1325;Marissa Mccoy;28;8
1326;Emily Velazquez;24;6
1327;Christopher Brewer;36;9
1328;Madison Francis;49;10
1329;James Hernandez;59;3
1330;Amanda Jefferson;28;7
1331;Holly Oliver;26;4
1332;Caitlin Roberts;58;8
1333;Timothy Moore;54;6
1334;Madison Riddle;26;3
1335;Chelsea Berry;38;10
1336;Russell Drake;31;3
1337;Miguel English;56;10
1338;Terry Burton;40;7
1339;Dylan Kane;36;7
1340;Carly Taylor;42;3
1341;Randy Kennedy;34;5
1342;Richard Duran;42;10
1343;Larry Werner Jr.;57;3
1344;Brett Johnson;23;4
1345;Melissa Osborn;31;1
1346;Melissa Garza;21;7
1347;Andrew Thompson;55;6
1348;Lydia Espinoza;26;2
1349;Vicki Hooper;35;5
1350;Maria Gibson;21;6
1351;Amanda Ray;51;3
1352;Caroline Potter;56;3
1353;Gregory Hicks;49;10
1354;Kimberly Lawrence;41;7
1355;Heather Cain;47;8
1356;Erica Cameron;37;8
1357;Tyler Hoover;47;5
1358;Jesse Fisher;32;1
1359;Mark Martinez;27;4
1360;Christopher Kennedy;26;2
1361;Emma Ruiz;32;8
1362;Angel Roy;27;1
1363;Julie Fuller;31;10
1364;Kimberly Scott;50;9
1365;Steven Carpenter;34;3
1366;Shawn Riley;21;9
1367;Daniel Young;37;2
1368;Andrew Rodriguez;24;6
1369;Alyssa Rios;23;8
1370;John Harper;53;8
1371;Michaela Jones;48;10
1372;Joseph Anderson MD;47;10
1373;Duane Lara;36;6
1374;Michael Osborn;55;10
1375;John Hayes;35;1
1376;Julie Ellis;41;10
1377;Mrs. Jodi Lawrence DDS;52;9
1378;Nicole Evans;31;1
1379;Derek Ramirez;42;5
1380;Carla Wallace;24;6
1381;Matthew Jenkins;29;5
1382;Daniel Richardson;33;3
1383;Martha Smith;26;9
1384;Maria Erickson;28;3
1385;Justin Johnson;48;3
1386;Edwin Lee;46;9
1387;Carla Klein;25;4
1388;Brandon Schneider;52;4
1389;Robin Newton;37;3
1390;Sean Tucker;54;1
1391;Kelly Mullen;49;7
1392;James Duke;59;1
1393;Terri Pham;47;7
1394;Amanda Brewer MD;49;2
1395;Margaret Barrera;26;7
1396;Jesus Williams;38;5
1397;Lauren Wilson;39;8
1398;Sheila Johnson;51;1
1399;Jennifer Watkins;53;1
1400;April Tucker;45;3
1401;Ryan Hill;46;10
1402;John Mendoza;50;9
1403;Steven Baker;55;3
1404;Erika Hernandez;51;10
1405;Billy Hicks;23;4
1406;Kathryn Torres;22;6
1407;John Alexander;49;2
1408;Daniel Buckley;59;2
1409;Jennifer Bryant;41;2
1410;Joshua Johnson;23;4
1411;Amanda Colon;29;1
1412;Andre Smith;47;5
1413;James Stanton;45;2
1414;David Valdez;34;8
1415;Keith Thomas;49;10
1416;Alexander Brown DDS;54;10
1417;Meredith Hoffman;32;1
1418;Austin Porter;42;8
1419;Matthew Ibarra;51;2
1420;Lonnie Harvey;29;10
1421;Carl Payne;46;8
1422;Ronald Butler;58;10
1423;Paul Marshall;60;3
1424;Emily Rodriguez;52;8
1425;Deborah Wilson;43;7
1426;Amanda Lopez;32;4
1427;Nicole Gutierrez;27;2
1428;Jordan Owens;44;7
1429;Robert Collier;54;1
1430;Leroy Cline;46;6
1431;Christine Patterson;38;3
1432;Kathryn Howard;59;7
1433;Angela Bradley;51;3
1434;Paige Mcpherson;23;8
1435;William Clements;38;1
1436;Douglas Thomas;40;7
1437;Heather Valentine;34;2
1438;Joseph Duran;60;6
1439;Justin Silva;51;7
1440;Jacob Mcgee;38;9
1441;David Steele;30;7
1442;Misty Moore;40;7
1443;Thomas Jacobson;38;9
1444;Kristi Lee;46;7
1445;Faith James;36;4
1446;Karen Ramirez;33;8
1447;Michael Terry;52;10
1448;David Johnston;46;5
1449;Crystal Vance;32;2
1450;Angel Russell;24;9
1451;Stacy Casey;36;3
1452;Laura Perez;28;6
1453;Daniel Adams;23;2
1454;Jennifer Sullivan;33;5
1455;Mr. Ernest Dawson;36;4
1456;Sonya Wells;47;5
1457;Michelle Gardner;58;7
1458;Hunter Moody;28;6
1459;Kirsten Lewis;29;7
1460;Charlene Ferguson;46;5
1461;Karla Bridges;33;1
1462;Heather Lee;44;3
1463;Amanda Pearson;52;3
1464;Jeffrey Dawson;43;5
1465;Mr. David West;48;3
1466;Jennifer Davenport;43;6
1467;Megan Short;23;6
1468;Jessica Wade;45;4
1469;Joseph Williams;48;10
1470;Susan Moore;29;9
1471;Alison Mason;36;6
1472;Pamela Roberts DVM;32;7
1473;Jennifer Baldwin;52;3
1474;Christine Brown;39;3
1475;William Marshall;46;5
1476;Joshua Young;56;9
1477;Corey Jones;35;10
1478;Christopher Robertson;45;8
1479;Jared Smith;34;1
1480;Gary Barajas;41;10
1481;John Sanchez;32;6
1482;Charles Myers;21;10
1483;Jenna Johnson;58;6
1484;Darin Fitzgerald;25;9
1485;Erin Hunt;44;4
1486;Anthony Cortez;55;2
1487;William Warren;51;2
1488;Charles Greer;37;8
1489;Philip Hansen;52;3
1490;Cory Rowe;57;3
1491;Tyler Berry;38;10
1492;Cynthia Johnson;48;8
1493;Jermaine Mccarty;60;10
1494;Brittany Garcia;26;5
1495;Judy Stein;56;5
1496;Ryan Munoz;54;3
1497;Michael Hall;48;9
1498;Timothy Jordan;50;3
1499;Isabel Hughes;38;5
1500;Kaitlyn Pierce;21;9
1501;Alex Cardenas;31;5
1502;Shawn Perez;55;6
1503;Mark Johnson;55;3
1504;Alan Brown;32;9
1505;Debbie Nelson;47;6
1506;Terry Smith;35;6
1507;Paul Odonnell;55;5
1508;Courtney Robinson;37;4
1509;Tina Moreno;37;6
1510;Jesse Johnson;36;10
1511;Brenda Morales;47;2
1512;Terry Dalton;52;8
1513;Joanna Sherman;26;2
1514;Michael Figueroa;53;3
1515;Misty Brown;24;2
1516;Christopher Cook;44;10
1517;Ryan Downs;35;2
1518;Benjamin Delacruz;35;4
1519;Ronald Miller;60;8
1520;Amber Jacobs;50;6
1521;Martha Thompson;47;7
1522;Daniel Fletcher;21;7
1523;Leslie Curtis;30;4
1524;Edward Brooks;51;7
1525;Jeremy Cameron;43;8
1526;Donna Ponce;20;9
1527;Michael Bender;56;7
1528;Melissa Curtis;31;2
1529;Ashley Greene;54;8
1530;Jordan Rogers;47;7
1531;Nathan Sandoval;42;4
1532;Carmen Jones;29;3
1533;Jonathan Maynard;22;8
1534;Karen Heath;32;8
1535;Donald Martin;57;10
1536;David Miller;51;1
1537;Amy Adkins;40;3
1538;Kevin Serrano;55;5
1539;Timothy Sanchez;25;9
1540;Cynthia Nguyen;45;1
1541;Louis Martinez;55;6
1542;John Lewis;41;6
1543;Kayla Powers;46;4
1544;David Tyler;24;8
1545;Bradley Strickland;29;4
1546;Katherine Figueroa;22;4
1547;Matthew Sanchez;54;2
1548;Jill Lewis;25;5
1549;Vernon Rodriguez;42;2
1550;Tim Mitchell;54;4
1551;Lisa Mitchell;56;1
1552;Daniel Poole;25;4
1553;Lisa Greer;23;4
1554;Jennifer Fischer;51;8
1555;Kristen Sharp;42;4
1556;Anthony Wilson;32;2
1557;Dennis Reyes;30;1
1558;Tammy Graves;46;4
1559;Robert Cannon;46;3
1560;Elizabeth Ortiz;55;1
1561;Jared Clements;37;9
1562;Jessica Hill;51;8
1563;Ralph Richards;46;2
1564;Cody Dominguez;23;3
1565;Alex Horne;42;9
1566;Nicholas Lee;29;7
1567;Maria Stephens;40;7
1568;Erika Watson;45;8
1569;Kyle Gibson;49;9
1570;Wendy Logan;58;9
1571;Diana Brown;58;8
1572;Jeremy Parker;43;4
1573;William Dunlap;44;3
1574;Travis Stevens;40;4
1575;Christopher Ibarra;24;5
1576;Corey Brooks;57;8
1577;Samuel Roberts;49;5
1578;John Williams;35;2
1579;Billy Conley;54;6
1580;Danielle Fernandez;60;10
1581;Virginia Meyer;32;7
1582;William Graham;48;5
1583;Kevin Rodriguez;24;2
1584;Rachel Holmes;60;5
1585;Leslie King;51;8
1586;Alexandra Sanders;60;7
1587;Tyler Miller;50;6
1588;Michelle Jimenez;43;7
1589;Evan Hernandez;32;8
1590;Renee Rubio;33;2
1591;Stephen Lowe;40;9
1592;Amy Rivera;52;2
1593;Raymond Taylor;40;10
1594;Heather Lambert;25;4
1595;Paula Kelley;55;4
1596;Chelsea Edwards;60;10
1597;Brandon Walker;55;5
1598;Amanda Thomas;35;10
1599;Douglas Harper;35;6
1600;Brandy Terry;38;2
1601;Kelly Robertson;27;9
1602;Michael Martin;51;4
1603;Charles Flowers;41;5
1604;David Jackson;43;10
1605;William Jensen;55;2
1606;Connie Carson;33;8
1607;Sean West;57;6
1608;Jared Carroll;47;4
1609;Angela Young;21;4
1610;Denise Alexander;27;3
1611;Emily Watts DVM;36;3
1612;Valerie Vasquez;28;6
1613;Michael Potter;34;1
1614;Jennifer Lawrence;48;6
1615;Kristin Lucas;32;5
1616;Barbara Smith;33;9
1617;William Warren;41;9
1618;Sherri Nichols;26;10
1619;Kathryn James;48;6
1620;Christopher Dixon;54;8
1621;Ryan Le;56;9
1622;Alyssa Tapia;44;6
1623;Patricia Reed;34;10
1624;Deborah Brown;22;2
1625;Aaron Scott;20;4
1626;Mary Vega;55;3
1627;Michelle Lucero;43;8
1628;Christina Miller;56;1
1629;Katelyn Roth;58;4
1630;Meghan Archer;41;5
1631;Erin Bishop;37;4
1632;Jeffrey Bailey;21;8
1633;Matthew Patterson;51;10
1634;Justin Williams;59;3
1635;Heather Bridges;31;7
1636;Ashley Hart;56;6
1637;Jessica Hart;33;7
1638;Dylan Combs;25;8
1639;Daniel Wright;21;2
1640;Kristi James;20;1
1641;Mr. John White;20;2
1642;Sheila Elliott;32;7
1643;Jennifer Goodman;46;2
1644;Arthur Joseph;55;4
1645;Angelica Beck;51;5
1646;Carrie Rhodes;52;4
1647;Dr. Ronald Sanford;42;6
1648;Timothy Collins;25;9
1649;Steve Glover;50;2
1650;Sean Johnson;48;3
1651;Diana Bradford;47;9
1652;Jesse Castillo;37;4
1653;Kenneth Rodriguez;52;8
1654;Charles Martinez;44;10
1655;Miguel Martinez;23;5
1656;Mary Anderson;50;9
1657;Julie Dominguez;48;6
1658;Miranda Craig;31;4
1659;Lisa Harrington;44;2
1660;Katie West;50;3
1661;Robin Dalton;29;1
1662;Chad Brooks;36;7
1663;Charles Wilson;57;9
1664;Angela Yates;59;8
1665;Robert Mahoney;46;3
1666;Francisco Freeman;41;1
1667;Joshua Lambert;54;2
1668;Brittany Johnson;52;5
1669;Jesse Black;20;5
1670;Craig Romero;22;8
1671;Jason Reed;51;8
1672;Randall Sherman;32;7
1673;Frank Brown;50;7
1674;Brenda Norman;40;3
1675;Joseph Lewis;54;7
1676;Nathan Cherry;52;9
1677;David Chavez;52;2
1678;Patricia Campbell;24;3
1679;Nichole Mitchell;45;3
1680;Krista Johnston;35;6
1681;Mackenzie Martin;34;8
1682;Roberto Davis;30;10
1683;Monique Castro;25;1
1684;Michelle Miller;23;6
1685;Crystal Garrett;41;9
1686;William Brown;29;10
1687;Samuel Andrews;21;5
1688;Trevor Payne;39;3
1689;Nicolas Lewis;25;7
1690;Sherry Stewart;46;9
1691;Elizabeth Perez;23;9
1692;Jesse Cruz MD;25;8
1693;Benjamin Tyler;21;8
1694;Lauren Bryant;57;9
1695;Melinda Cunningham;25;10
1696;Christopher Clarke;20;2
1697;Andrea Mitchell;31;9
1698;Brianna Lucero;28;6
1699;Richard Luna;41;6
1700;John Crawford;40;8
1701;Teresa Johnson;53;9
1702;Kathleen Wolf;52;9
1703;Andrew Cooke;51;9
1704;Sarah Greene;34;5
1705;Sarah Parker;52;3
1706;Marissa Macias;43;4
1707;Eric Lopez;54;4
1708;Paul Franco;47;7
1709;Scott Clark;43;3
1710;Jeffrey English;60;2
1711;Cheryl Nguyen;33;8
1712;Michael Floyd;56;6
1713;John Perkins;25;10
1714;Patricia Lopez;31;9
1715;Anna Martinez;30;9
1716;David Glass;22;8
1717;Amanda Newman;46;1
1718;Michael Cannon;26;2
1719;Sean Johnson;29;9
1720;Jennifer Crawford;29;5
1721;Robert Parks;51;9
1722;Jason Peterson;24;6
1723;Ann Rivers;33;3
1724;Norma Stevens;55;9
1725;Lauren Fischer;39;3
1726;Joshua Johnson;45;1
1727;Alicia Meyers;54;2
1728;Wendy Dominguez;48;4
1729;Kathryn Hatfield;29;9
1730;Chad Arnold;39;7
1731;Jason Kline;27;7
1732;Bryan Jones;33;3
1733;Mark Simmons;40;10
1734;Austin Jones;25;8
1735;Erin Vaughan;22;2
1736;Alexander Walters;34;2
1737;Holly White;45;7
1738;Jasmine Robles;30;7
1739;Austin Hogan;52;3
1740;Corey Zavala;48;6
1741;Anna Hardin;27;10
1742;Robert Johnson;34;4
1743;Nicole Cummings;59;9
1744;Joseph Bates;38;3
1745;Kathryn Sutton;39;5
1746;Mr. Patrick Welch;49;10
1747;Lauren Miller;39;8
1748;Karen Nelson;43;7
1749;Erin Sweeney;56;5
1750;Heather Warren;48;1
1751;James Shields;32;1
1752;Summer Ross;32;8
1753;Malik Reynolds;29;6
1754;Stephen Turner;40;9
1755;Luke Eaton;24;2
1756;Michael Fisher;50;2
1757;Todd Thomas;59;7
1758;Michael Hernandez;40;6
1759;Stephen Phelps;38;4
1760;Kyle Morris;40;2
1761;Cindy Ramirez;45;6
1762;Brandon Gray;38;9
1763;Jennifer Mcpherson;48;10
1764;Diana Anderson;57;9
1765;Jeremy Ortiz;55;6
1766;Monica Chavez;51;1
1767;Kenneth Olson;50;5
1768;Christopher Phillips;51;4
1769;Daniel Davis;36;1
1770;Barbara Baker;49;8
1771;Matthew Vargas;22;9
1772;Lori Walter;34;10
1773;Michelle Welch;46;6
1774;Wyatt Brown;20;2
1775;David Wilson;20;9
1776;Shannon Wise;39;8
1777;Richard Fields;59;9
1778;Karen Ball;23;8
1779;James Williams;23;10
1780;Megan Rodriguez;37;5
1781;Nicholas Bird;33;9
1782;Karen Turner;38;10
1783;Matthew Beck;25;4
1784;Daniel Jones;48;5
1785;Greg White;22;3
1786;Christopher Rios;38;1
1787;Marvin Richardson;44;6
1788;Lindsay Doyle;45;5
1789;Anthony Buckley;42;10
1790;Mrs. Christy Morrison;21;6
1791;Todd James;47;1
1792;Christopher Reeves;49;5
1793;Patrick Lynch;24;2
1794;Susan Johnson;30;2
1795;Dennis Oneill;55;4
1796;Tiffany Davis;51;3
1797;Shawn Rogers;29;4
1798;Christian Robinson;49;10
1799;Sandy Adams;46;6
1800;Penny Guerrero;47;3
1801;Anthony Savage;51;2
1802;Michael Byrd;43;1
1803;Laura Harris;56;2
1804;Jeffrey Rivera;52;5
1805;Rachel Alvarez;36;8
1806;Destiny Sanchez;32;2
1807;Latasha Perry;47;4
1808;Ian Thomas;37;7
1809;Jeffrey Hansen;44;8
1810;Alison Morris;23;6
1811;Jonathan Clark;45;6
1812;Christopher Hendricks;54;5
1813;Donna Hunt;42;4
1814;Rebecca Richardson;25;5
1815;Isaac Smith;33;2
1816;Heather Haney;45;3
1817;Anne Munoz;21;6
1818;Angela Murphy;26;5
1819;Lindsay Alexander;35;10
1820;Bryan Mcclain;56;2
1821;Brad King;21;8
1822;Sarah Powell;21;5
1823;Mary Black;59;8
1824;Jonathan Phelps;42;1
1825;David Lewis;59;8
1826;Angela Austin;56;4
1827;William Bush;40;6
1828;Elizabeth Macias;24;4
1829;Emily Joseph;35;1
1830;James Villa;31;3
1831;Adam Glenn;49;6
1832;Mr. William Rowland DVM;36;6
1833;Morgan Woodard;28;7
1834;Gilbert Davis;26;10
1835;Brandon Harrison;50;9
1836;Anthony Riley;28;3
1837;Matthew Price;42;10
1838;Dr. Christopher Rice;45;2
1839;Henry Butler;28;8
1840;Bradley King;23;6
1841;Jennifer Parker;31;8
1842;Cassandra Fields DDS;23;5
1843;Robert Calhoun;34;3
1844;Andrew Choi;25;5
1845;Joshua Gonzales;21;8
1846;William Davis;35;5
1847;Jennifer Barnett;27;3
1848;Christina Sanders;22;10
1849;Robin Anderson;60;9
1850;Ryan Escobar;56;3
1851;Dr. Phillip Gutierrez;56;2
1852;Sharon Stone;33;9
1853;Christine Thornton;24;3
1854;Christian Gomez;42;6
1855;Rebecca Lopez;38;7
1856;Melissa Jackson;33;6
1857;Christine Kline;43;1
1858;Melissa Johnson;30;4
1859;Steven Taylor;41;5
1860;Jacob Drake;52;10
1861;Matthew Chandler;26;6
1862;Ryan Spencer;31;1
1863;Gary Reese;39;10
1864;Elizabeth Richardson;32;5
1865;Carrie Jackson;38;9
1866;Howard Walker;51;10
1867;Rachel Lopez;30;3
1868;Abigail Frazier;26;9
1869;Bob Johnson;45;6
1870;Donna Daniel;34;7
1871;Kristen Scott;25;10
1872;Ricky Dalton;34;10
1873;Amanda Waters;46;1
1874;Dustin Hill;21;3
1875;Joseph Edwards;42;6
1876;Brian Williams;52;8
1877;Joshua Rowe;27;3
1878;Edgar Thornton;58;1
1879;Gregory Estes;40;4
1880;Mary Watson;21;5
1881;Nicole Shepherd;60;2
1882;Kenneth Howard;39;4
1883;Trevor Martinez;36;2
1884;Alison Sullivan;36;9
1885;William Jones;49;3
1886;Mr. John Brown;55;10
1887;Victor Stephens;31;1
1888;Christine Silva;23;7
1889;Joy Ryan;38;2
1890;Lisa Stanton;35;4
1891;Lance Williamson;35;1
1892;Alexander Fry;57;5
1893;Cheryl Edwards;58;4
1894;Joshua Cooper;20;5
1895;Paula Smith;39;10
1896;April Grimes;27;1
1897;Shannon Cummings;54;2
1898;Yvonne Daniels;34;6
1899;Joshua Carroll;54;5
1900;Brenda Robinson;52;10
1901;Brittney Booker;21;1
1902;Albert Calhoun;43;6
1903;Ryan Thompson;56;9
1904;Richard Benjamin;24;10
1905;Sandra Nguyen;59;5
1906;Jonathan Gonzalez;23;7
1907;Rodney Brown;56;8
1908;Krista Schneider;53;3
1909;Melissa Jenkins;56;6
1910;Michael Garcia;52;7
1911;Christie Butler;50;7
1912;Cindy Daniels;37;10
1913;Brandon Martinez;45;3
1914;Brian Shaw;25;4
1915;Brian James;44;7
1916;Mary Jackson;36;2
1917;Deborah Davis MD;48;1
1918;Erin Hurley;33;1
1919;Jessica Weaver;47;9
1920;Kimberly Logan;42;5
1921;Zachary Smith;40;6
1922;Carrie Snow;22;1
1923;Carrie Young;56;3
1924;Lori Wilkins;56;10
1925;Tammy Bauer;20;5
1926;Mark Chandler;40;4
1927;Matthew Thomas;47;5
1928;Patrick Gross;60;2
1929;Timothy Davenport;45;4
1930;Samantha Foster;36;4
1931;Stephen Harrington;55;1
1932;Mr. Matthew Brown;50;2
1933;Melissa Brown;28;3
1934;Kelly Cook;43;5
1935;Joseph Ramirez;47;8
1936;Amanda Howard;22;10
1937;Stephanie Barnes;48;1
1938;Megan Rose;31;1
1939;Alexander Cordova;55;9
1940;Kristen Abbott;59;7
1941;Christopher Crawford;21;7
1942;Anthony Perry;30;6
1943;Dan Day;35;8
1944;Thomas Gomez;32;10
1945;Brandi Lynn;33;1
1946;Dylan Baker;24;3
1947;Kathy Goodman;24;3
1948;Victoria Hart;23;5
1949;Jared Jensen;47;1
1950;Lawrence Anderson;42;6
1951;Aaron Martin;48;9
1952;Bradley Rowe;51;9
1953;Amanda Dunn;26;9
1954;Jon Kramer;54;7
1955;Kathy Bennett;59;9
1956;Thomas Roberson;43;8
1957;Amanda Huynh;55;4
1958;Adrian Brady;57;7
1959;Samuel Martin;44;6
1960;Tiffany Williams;21;10
1961;Julie Miller;22;6
1962;Scott Jones;53;7
1963;Jerry Taylor;33;4
1964;Ian Clark;48;10
1965;Annette Stewart;38;4
1966;Jennifer Smith;26;9
1967;Sara Myers;57;5
1968;Rebecca Acosta;55;3
1969;Stephen Lynn;43;4
1970;Deborah English;47;7
1971;Timothy Hernandez;36;8
1972;Patricia Levine;50;1
1973;Thomas Yoder;32;6
1974;Jacob Potter;23;10
1975;Scott Rodriguez;60;3
1976;Michael Mccarthy;36;4
1977;Michael Leon;30;4
1978;Nancy Martinez DVM;38;5
1979;Michelle Bush;20;3
1980;Valerie Moreno;30;7
1981;Thomas Fry;20;8
1982;Shelly Davis;43;4
1983;James Bowen;34;10
1984;Angela Bates;37;2
1985;Derek Dennis;21;8
1986;Penny Stone;37;6
1987;Anne Johnson;44;9
1988;Caitlin Cruz;54;1
1989;Frank Lee;54;2
1990;Robert Watson;46;2
1991;Brad Stanton;55;10
1992;Frank Smith;53;1
1993;Carrie Rivera;38;8
1994;Tracey Lindsey;40;5
1995;Dr. Kathryn Gray;42;8
1996;Jessica Edwards;20;2
1997;Stephanie Grant;21;10
1998;Jessica Allen;22;2
1999;Robert Leon;36;5
2000;Christina Washington;39;4
2001;Erik Scott;25;6
2002;William Lewis;49;1
2003;Alison Chambers;54;3
2004;Annette Hernandez;42;1
2005;Gabriella Crawford;48;7
2006;Stephen Hall;31;3
2007;Heather Wood;24;2
2008;Ashlee Kim;39;6
2009;Jessica Wilson;43;8
2010;Steven Bell;41;5
2011;Thomas Montgomery;29;3
2012;Marilyn Bryant DDS;42;1
2013;William Gillespie DDS;27;1
2014;Nathan Nelson;25;7
2015;Mrs. Sabrina Torres;40;3
2016;Robert Hines;26;7
2017;Kyle Johnston;20;4
2018;Pamela Valdez;51;2
2019;Amber Jensen;29;8
2020;Nicholas Thomas;52;2
2021;Gregory Tran;57;3
2022;Kimberly Krueger;24;4
2023;Joshua Luna;51;2
2024;Dawn Mitchell;37;7
2025;Lisa Dillon;48;4
2026;Stephen Berry;31;2
2027;Rachel Gray;22;9
2028;Kimberly Cummings;31;4
2029;Jeff West;27;8
2030;Matthew Conway;40;3
2031;Christian Dudley;21;6
2032;Penny Sanchez;26;7
2033;Ashley Hensley;51;9
2034;Daniel Johnson;33;4
2035;Jennifer James;32;3
2036;John Becker;45;8
2037;David Manning;52;3
2038;Tara Moore;32;5
2039;Jordan Mcbride;40;3
2040;William Moses;26;6
2041;Virginia Hawkins;21;6
2042;Anthony Kelly;20;10
2043;Sylvia Anderson;40;3
2044;Melanie Brown;57;10
2045;Mark Perez;44;8
2046;Brooke Bell;43;3
2047;Andrew Cline;26;3
2048;Theresa Torres;40;2
2049;Justin Turner;57;5
2050;Thomas Ramos;60;1
2051;Matthew Smith;23;10
2052;Jose Cardenas;54;3
2053;Jennifer Weaver;20;3
2054;Shane Woods;46;5
2055;Denise Davis MD;32;9
2056;Alec Hardy;30;1
2057;Adrian Gutierrez;44;3
2058;Kevin Thompson;51;8
2059;Ricky Hogan;58;8
2060;Kaitlyn Rogers;27;8
2061;Louis Perkins;31;2
2062;Victoria Rodriguez;38;3
2063;Trevor Rodriguez;53;2
2064;Erin Waters;57;3
2065;Andrea Stephens;46;9
2066;Cameron Sullivan;23;3
2067;Michelle Neal;39;3
2068;Jeffrey Robinson;23;6
2069;Timothy Pham;21;3
2070;Amy Ferguson;35;8
2071;Ryan Payne;32;1
2072;Paul Brady;27;6
2073;Teresa Fry MD;41;5
2074;Kelly Brown;21;6
2075;Martin Gomez;57;5
2076;Zachary Booker;21;5
2077;Steven Edwards;58;5
2078;Lisa Ruiz;56;1
2079;Robert Rodriguez;38;3
2080;Joshua Jensen;49;10
2081;Carol Evans;32;1
2082;Matthew Young;38;5
2083;Amanda Ross;42;4
2084;April Elliott;25;1
2085;Mary Pierce;23;5
2086;Michelle Morris;29;8
2087;Michael Daniel;48;3
2088;Sara Sanchez;58;6
2089;Jocelyn Ali;29;9
2090;Sara Brown;54;9
2091;Samuel Thompson;20;1
2092;Reginald Andrews;57;8
2093;Andrea Becker;36;3
2094;Dr. Vincent Lewis;34;4
2095;Sarah Casey;35;5
2096;Kenneth Tucker;25;3
2097;Andrea Herrera;40;2
2098;Tyler Miller;42;6
2099;Sandra Perez;43;1
2100;Monica Elliott;38;5
2101;Jennifer Hawkins;32;3
2102;Crystal Robinson;54;7
2103;Christopher Richardson;25;2
2104;Samantha Hatfield;40;2
2105;Eric Moore;35;7
2106;Kimberly Moore;25;5
2107;Tammy Moran;45;9
2108;Linda Dominguez;49;4
2109;Allison Klein;34;2
2110;Suzanne Castillo;49;10
2111;Tracy Martinez;36;4
2112;Emily Rodriguez;37;3
2113;Maria Chavez;22;8
2114;Amanda Robinson;31;3
2115;Amanda Scott;33;5
2116;Hailey Jones;48;8
2117;Robert Newman;59;6
2118;Joshua Munoz;44;9
2119;Shirley Hernandez;41;8
2120;Barbara Herman;45;1
2121;Angela Carpenter;30;5
2122;Leah Smith;20;2
2123;Jody Simmons;45;2
2124;Holly Zamora;37;8
2125;Brian Richardson;41;6
2126;Heather Drake;32;4
2127;Mike Parker;23;3
2128;Sarah Martin;24;8
2129;Heather Taylor;40;9
2130;Sherry Smith;25;2
2131;Cynthia Burke;20;4
2132;Brad Frederick;35;4
2133;Paul Harrison PhD;60;6
2134;Kevin Rodriguez;54;6
2135;Erika Richardson;60;4
2136;Michael Jenkins;39;9
2137;Jerry Bradford;46;9
2138;Scott Andrews;43;6
2139;John Moran;44;7
2140;Patricia Ramirez;24;6
2141;James Hart;43;10
2142;Thomas Young;35;2
2143;Kyle West;57;2
2144;Bobby Wang;37;7
2145;Bobby Todd;20;9
2146;Matthew Wolfe;58;8
2147;Patricia Brown;28;3
2148;John Anderson;38;6
2149;Jill Brown;24;5
2150;Richard Christensen;43;7
2151;Anne Mejia;34;3
2152;Dawn Thomas;44;10
2153;Michelle Kelley;29;2
2154;Jessica Patterson;26;6
2155;Tiffany Rodriguez;60;8
2156;Bryan Colon;44;2
2157;Christopher Norris;22;3
2158;Aaron Reid;44;8
2159;Aaron Kim;53;1
2160;Sean Caldwell;36;7
2161;Daniel Mcdonald;21;4
2162;Peter Williams;28;9
2163;Patrick Jones;21;1
2164;Roberto Gamble;35;10
2165;William Watts;42;1
2166;Jennifer Arnold;50;3
2167;Gabriel Montgomery;45;9
2168;Angela Anderson;55;9
2169;David Garcia;40;10
2170;Ryan Green;51;9
2171;Michael Cole;38;6
2172;Emily Mayer;33;6
2173;William Briggs;25;2
2174;Michelle Mendoza;46;2
2175;Vincent Martinez;51;2
2176;Andrew Woods;57;9
2177;Andrew Lyons;38;8
2178;Donald Anderson;38;7
2179;Rachel Morrow;24;3
2180;Tiffany Rodriguez;20;8
2181;Troy King;30;1
2182;Sandra Cordova;43;7
2183;Tonya Durham;40;7
2184;Amanda Vasquez;39;8
2185;Kristina Johnson;58;2
2186;Shawn Blair;38;5
2187;Whitney Robbins;38;6
2188;Ashley Santos;31;2
2189;Alyssa Johnson;41;8
2190;Emily Nelson;40;7
2191;Cindy Roberts;60;2
2192;Roberto Esparza;22;4
2193;Cody Richards;54;3
2194;Sandra Gutierrez;37;10
2195;Justin Scott;40;9
2196;Sarah Campbell;53;8
2197;Lisa Stone;42;1
2198;Michael Boyd;46;9
2199;Yolanda Richmond;39;10
2200;Mary Medina;47;7
2201;Rebecca Brown;57;3
2202;Kimberly Larsen;31;3
2203;Tammy Hernandez;32;2
2204;Holly Hudson;32;2
2205;Cheryl Santiago;30;7
2206;Clarence Brown;53;4
2207;Kelly Conway;59;6
2208;Jonathan Cooper;36;8
2209;Willie Duke;28;2
2210;Joshua Leonard;23;7
2211;Robert Moore;51;9
2212;Aaron Larson;59;10
2213;Heather Soto;59;5
2214;Frederick Miller;25;2
2215;Cindy Johnson;27;7
2216;Dakota Allen;54;6
2217;Lisa Sweeney;53;2
2218;Kayla Santiago;47;6
2219;Rachael Soto;28;6
2220;Stephanie Moreno;51;4
2221;Frank Carpenter;33;10
2222;Donald Martinez;38;1
2223;Timothy Olson;29;1
2224;Chad Romero PhD;42;10
2225;Kelly Brown;40;10
2226;Kelly Carter;45;10
2227;Tyler Patterson;43;4
2228;Dennis Perez;32;10
2229;Katrina Knight;44;7
2230;Jennifer York;31;10
2231;Katherine Gray;31;2
2232;Anna Houston;27;7
2233;Kristina Rogers;26;4
2234;Timothy Moore;47;1
2235;Linda Mcdonald;40;3
2236;Bryan Chung;52;2
2237;Heather Bishop;27;4
2238;David Wells;34;1
2239;Michelle Rivas;47;7
2240;Angela Torres;60;10
2241;Tyler Miller;31;7
2242;Diana Cameron;29;1
2243;Robert Kent;38;1
2244;Robin Fisher;30;7
2245;Rhonda Spencer;43;4
2246;Thomas Holmes;31;9
2247;Stephanie Sanchez;46;9
2248;Timothy Fry;33;9
2249;Cameron Giles;42;3
2250;Margaret Paul;41;6
2251;Francisco Hill;49;8
2252;Danielle Hahn;52;8
2253;Kristina Torres;20;5
2254;Harold Gonzalez;59;3
2255;Tammy Cross DDS;43;8
2256;Mitchell Powell;58;9
2257;Jennifer Scott;34;7
2258;Christopher Garrett;49;3
2259;David Terry;22;3
2260;Matthew Smith;30;4
2261;Michelle Higgins;36;3
2262;Peter Moore;26;4
2263;William Cook;21;5
2264;Patricia Johnson;56;10
2265;Jack Johnston;42;3
2266;Hunter Spencer;55;9
2267;Heather Hoffman;22;3
2268;Ann Reyes;50;3
2269;Elizabeth Medina;44;7
2270;Charles Flores;52;2
2271;Jeff Wagner;60;2
2272;Mr. William Padilla Jr.;24;6
2273;Jordan Nelson;39;1
2274;Jerry Morris;49;6
2275;Malik Davis;39;9
2276;Craig Tucker;27;4
2277;Justin Perry;39;8
2278;Steven Williams;26;5
2279;Carlos Villegas;37;3
2280;Joel Hill;32;3
2281;Seth Herrera;59;6
2282;Samuel Warren;51;1
2283;Marissa Brown;36;2
2284;Andrea Hoffman;41;1
2285;Pamela Allen;24;3
2286;Laura Fuller;59;5
2287;Nicholas Jackson;28;5
2288;Matthew Bray;20;10
2289;Dwayne Poole DDS;42;7
2290;Jerry Patterson;21;10
2291;Summer Robinson;27;6
2292;Lauren Miller;31;8
2293;Nicole Villegas;46;7
2294;Vanessa Hopkins;49;7
2295;Jeffrey Henry;39;10
2296;Danny Freeman;43;1
2297;Wendy Scott;30;1
2298;Glen Smith;48;7
2299;Sherri Warren;29;3
2300;Elizabeth Hall;29;5
2301;Kevin Scott;37;5
2302;Robert Jackson;47;2
2303;Donald Baker;56;3
2304;Sara Richardson;53;2
2305;Robert Zavala;30;7
2306;Colin Mcintyre;46;8
2307;Jill Meyer;44;9
2308;Erin Blake;53;10
2309;James Aguilar;35;5
2310;Amy Mora;34;4
2311;Michelle Baker MD;59;3
2312;Keith Calhoun;34;6
2313;Alexander Bell;57;8
2314;Mr. Frederick Daniel;39;10
2315;Danielle Crawford;25;6
2316;Nathan Davidson;38;9
2317;Dawn Mueller;25;8
2318;Douglas Newman;56;4
2319;Brent Riggs;35;2
2320;Brittany Bean;60;7
2321;Stacy Blankenship;49;8
2322;Brandy Phillips;21;9
2323;Michael Clark;23;4
2324;Sarah Shannon;24;5
2325;Anne Thomas;55;6
2326;Megan James;31;5
2327;Mark Coleman;41;3
2328;Dawn Nguyen;21;4
2329;Michael Hernandez;42;7
2330;Deborah Moore;20;6
2331;Jimmy Day;24;10
2332;Donald Klein;49;2
2333;Sherry White;50;8
2334;Juan Larsen;45;3
2335;Jackie Floyd;20;8
2336;Kimberly Lopez DDS;43;9
2337;James Roberson;39;8
2338;Mr. Larry Wood;46;6
2339;Morgan Dyer;39;9
2340;Harold Johnson MD;36;4
2341;Alex Ramirez;40;5
2342;Wayne Hernandez;43;8
2343;Traci Jacobson;26;1
2344;Dr. Regina Williams;22;7
2345;Bradley Johnson;53;3
2346;Kenneth Juarez;38;4
2347;Bridget Rivera;32;4
2348;Alex Humphrey;26;6
2349;Mr. Nathan Bautista MD;53;2
2350;Jasmine Ali;26;7
2351;Karen Bautista;22;4
2352;Danielle Soto;52;5
2353;Kristin Gay;27;6
2354;Joy Lopez;36;2
2355;Chelsea Wilson;25;4
2356;Cindy Brown;34;5
2357;Kimberly Rodriguez;24;9
2358;Kathleen Lopez;24;7
2359;Jessica White;52;1
2360;Taylor Leach;28;10
2361;Hector Medina;49;8
2362;Steven Anderson;29;2
2363;Marie Patrick;36;8
2364;Mariah Moore;44;2
2365;Kenneth Bowman;31;8
2366;Olivia Jones MD;49;7
2367;Brenda Giles;59;4
2368;Steve Romero MD;46;9
2369;Bryan Tate;24;10
2370;Kristine Jacobson;28;1
2371;Amber Fritz;47;1
2372;Kimberly Campbell MD;40;1
2373;Jessica Ibarra;48;1
2374;Stephanie Campbell;29;3
2375;Eric Ponce;41;8
2376;Thomas Walker;35;5
2377;Maurice Jones;32;1
2378;Michele Patel;36;8
2379;Jared Woodward;47;1
2380;Richard Blackwell;39;10
2381;Christopher Moore;39;9
2382;Dr. James Archer;42;3
2383;Lauren Jackson;27;6
2384;Amanda Garrison;32;8
2385;Patricia Martinez;20;1
2386;Tiffany King;36;10
2387;Jordan Miller;36;5
2388;Travis Jensen;30;2
2389;Theresa Keller;34;6
2390;Lisa Porter;21;10
2391;Susan West;48;9
2392;John Guzman;20;10
2393;Kari Hall;50;3
2394;Andrew Stout;50;6
2395;Charles Lang;40;3
2396;Grace Watson;20;9
2397;George Garcia;20;7
2398;Eric Fitzgerald;20;5
2399;Shane Phillips;26;5
2400;Shannon Townsend;46;1
2401;Jill Campbell;49;9
2402;Melissa Hill;33;5
2403;Christopher Castillo;23;6
2404;Mark Young;35;10
2405;Eric Davis;24;5
2406;Linda Jones;20;4
2407;Edwin Brown;57;3
2408;Kimberly Ramos;49;7
2409;Jeremy Mendez;41;7
2410;Matthew Crawford;30;7
2411;Theresa Lee;53;6
2412;Alexandra Wilson;42;3
2413;Bradley Lopez;44;6
2414;Teresa Cook;42;8
2415;Walter Hoffman;20;7
2416;Christopher Gonzalez;56;6
2417;Thomas Bennett;30;4
2418;Yesenia Jones;27;3
2419;Christopher Garcia;27;3
2420;Alexandra Kelly;33;6
2421;Jonathan Le;55;4
2422;Jamie Stone;41;9
2423;Joseph Smith;51;4
2424;Christian Anderson;51;7
2425;Jason Parker;54;1
2426;Elizabeth Foster;26;2
2427;Stanley Garcia;21;10
2428;Michelle Watts;51;1
2429;Brittany Peterson;29;5
2430;Juan Gill;22;2
2431;Lisa Gibbs;22;5
2432;Robert Ingram;29;10
2433;Shannon Harris;25;8
2434;Benjamin Evans;57;2
2435;Nathan Jones;37;3
2436;Summer Yoder;59;7
2437;Ryan Adams;45;4
2438;Beth Martinez DDS;24;8
2439;Aaron Santos;39;4
2440;Daniel Garrett;21;10
2441;Randall Becker;45;1
2442;Bryan Frederick;59;6
2443;Laura Peterson;52;7
2444;Christopher Smith;52;10
2445;Jessica Jackson;55;7
2446;Melissa Miller;41;3
2447;Joe Vang;27;2
2448;Samantha Castillo;57;4
2449;James Simon;38;7
2450;Eric Lopez;22;3
2451;Brenda Lawson;31;5
2452;Stephanie Smith;35;8
2453;Kristen Mccoy;25;7
2454;Ana Henry;49;8
2455;Victoria Nicholson;33;5
2456;Mike Smith;53;6
2457;Kelly Guzman;58;4
2458;Larry Price;34;6
2459;Amanda May;58;1
2460;Mary Davidson;37;1
2461;Laura Patton;49;4
2462;William Hubbard;47;4
2463;Kenneth Barnes;55;10
2464;Thomas Suarez;21;10
2465;Brenda Duffy;40;3
2466;Sarah Roberts;44;6
2467;Matthew Garcia;22;4
2468;Alexander Leonard;32;1
2469;Robert Howard;28;8
2470;Deanna Thomas;43;1
2471;Justin Le;44;8
2472;Mr. James Simon DVM;42;5
2473;Tiffany Dennis;56;7
2474;Nathaniel Arias;47;6
2475;Keith Rice;37;4
2476;Pamela Ford;60;2
2477;Christina Chung;59;10
2478;Matthew Newman;42;5
2479;Lisa Davis;50;1
2480;Luis Hicks;45;5
2481;Roger Chung;48;1
2482;Thomas Mueller;40;3
2483;Kathryn Yates;48;6
2484;Megan Cruz;44;7
2485;Daniel Robinson;30;3
2486;Carrie Harrell;29;10
2487;Scott Brown;26;9
2488;Erik Lopez;45;6
2489;Jack Lee;20;2
2490;John Cervantes;51;2
2491;Kristina Little;43;9
2492;Patrick Price;20;9
2493;Jordan Crawford;54;5
2494;Douglas Hawkins;36;9
2495;Anne Chase;45;1
2496;John Woods;58;1
2497;Michael Gutierrez;53;10
2498;Michael Burns;56;10
2499;Alexander Howard;59;4
2500;Diane Scott;30;8
2501;Kenneth Perez;42;8
2502;Melissa Martin;31;6
2503;Ryan Savage;43;9
2504;Gary Hines;52;5
2505;Amber Tucker;27;9
2506;Shane Arnold;23;5
2507;Melissa Craig;52;6
2508;Timothy Dixon;36;3
2509;David Dalton;46;3
2510;Lori Stein;36;2
2511;Alexandra Williams;50;7
2512;Michael Marshall;54;7
2513;Chad Colon;50;6
2514;Jerry Strickland;33;10
2515;Jeffrey Harris;37;8
2516;Mary Villanueva;25;9
2517;Ricardo Flynn;27;7
2518;Christopher Miller;24;4
2519;James Kelley;44;1
2520;Maria Perry;45;6
2521;Kyle Jensen;25;7
2522;Justin Mora;40;3
2523;Sarah Long;56;5
2524;Adam Jacobs;56;9
2525;Taylor Park;40;1
2526;Matthew King;20;9
2527;John Turner;24;3
2528;Jennifer Hanson;27;7
2529;Lisa Floyd;50;10
2530;Susan Johnson;51;7
2531;David Foster;27;2
2532;Lisa Moore;30;9
2533;Crystal Wong;54;5
2534;Raymond Williams;31;1
2535;Shane Murphy;20;1
2536;Tyler Reid;22;2
2537;Frederick Hernandez;38;9
2538;Jeffrey Alvarez;36;6
2539;Kristen Weiss MD;57;5
2540;Alexander Moore;55;5
2541;Stanley Jackson;38;8
2542;Elizabeth Page;54;2
2543;James Bush;57;9
2544;Jessica Mccormick;35;6
2545;Annette Myers;27;6
2546;Nathan Cooper;44;9
2547;Lauren Gomez;23;3
2548;Julia Chen;40;5
2549;Mr. James Brown;30;7
2550;Vincent Dixon;20;7
2551;Rickey Smith;36;8
2552;Rachel Bridges;24;7
2553;Jonathan Green;24;1
2554;Shannon Rodriguez;41;9
2555;David Matthews;41;6
2556;Maria Hernandez;36;2
2557;Melissa Wilson;25;3
2558;Dr. Dean Hanson;45;5
2559;Adam Lopez;58;5
2560;Michelle Simmons;23;4
2561;David Sweeney;55;6
2562;Jean Ellis;58;4
2563;Gregory Thompson;34;5
2564;Alyssa Jordan;41;1
2565;Colleen Rocha;43;2
2566;Denise Sandoval;43;5
2567;Elizabeth Tate;21;7
2568;Madeline Webster DDS;58;6
2569;Christopher Wiggins;49;1
2570;Caitlin Thompson;25;4
2571;Kristy Kim;36;4
2572;Paula Hahn;45;1
2573;Heather Bailey;38;2
2574;Janice Smith;22;7
2575;Teresa Davis;55;3
2576;Heather York;24;8
2577;Pamela Harris;37;6
2578;Megan Huang;56;5
2579;Andrew Allen;43;10
2580;Joseph Pena;60;4
2581;Valerie Benton;21;5
2582;Michael Graham;28;3
2583;Gabriel Schneider;34;4
2584;Sherry Aguilar;21;8
2585;Jessica Lopez;27;1
2586;Lauren Johnson;36;10
2587;Emily Gentry;48;2
2588;Shari Molina;41;9
2589;Carla Miller;46;7
2590;Kim Hampton;48;7
2591;Teresa Flores;30;9
2592;Jonathan Andrews;20;5
2593;Tony Reyes DDS;39;8
2594;Jeffrey Duncan;40;7
2595;Nathan Sanchez;27;6
2596;Christopher Walsh;40;3
2597;Laura Hodges;46;9
2598;Lindsey Faulkner;43;8
2599;Charles Barnes;59;10
2600;Jerry Lynch;46;2
2601;Chelsea Williams;58;10
2602;Taylor Rodriguez;30;3
2603;Brittany Garcia;57;3
2604;Joe Williams;25;6
2605;Mrs. Carmen Austin;35;5
2606;Jamie Parsons;47;7
2607;Garrett Perez;60;5
2608;Sara Ward;30;3
2609;Kimberly Malone;44;6
2610;Stephen Watkins;29;9
2611;Kristen Wood;39;4
2612;Paul Evans;33;8
2613;Richard Perkins;54;3
2614;Jacqueline Lopez;27;10
2615;Lindsey Ballard;44;9
2616;Darlene Fitzgerald;41;9
2617;Michael Foley;41;10
2618;Kelly Fields;28;2
2619;Mark Allen;48;4
2620;Cynthia Gonzalez;21;8
2621;James Wilson;23;7
2622;Joseph Reeves;46;4
2623;Daniel Wade;26;8
2624;Natalie Thomas;50;9
2625;Melissa Rowland;47;9
2626;Patricia Tran;39;8
2627;Elizabeth Fritz;29;6
2628;Laura Ray;51;4
2629;Tony Eaton;54;7
2630;Zachary Black;21;8
2631;Joshua Wood;44;9
2632;Melinda Hawkins;47;7
2633;Alexander Weaver;36;5
2634;Melissa Tanner;59;6
2635;Michele Chaney;32;4
2636;Kathleen Allison;22;6
2637;Shawn Medina PhD;55;1
2638;Kurt White;25;6
2639;Travis Anthony;34;1
2640;Amanda Johnson;35;5
2641;Jeffrey Ramirez;53;5
2642;Nicole Reed;44;1
2643;Michael Camacho;55;5
2644;Paul Diaz;51;7
2645;Leslie Peck;53;10
2646;Alexander Johnson;36;2
2647;Teresa Fletcher;31;5
2648;Angelica Morton;51;10
2649;Tabitha Carter;30;1
2650;Justin Castillo;33;5
2651;Brittney Ruiz;23;1
2652;Christopher Curtis;56;4
2653;David Dixon;34;10
2654;Robin Flores;47;10
2655;Wendy Odom;43;3
2656;Kimberly Clark;27;3
2657;Tanya Smith;34;8
2658;Jeremy Williams;30;3
2659;Alejandro Nelson;31;6
2660;Bill Miller;22;5
2661;Patrick Stevens;46;2
2662;Rita Robinson;22;8
2663;Chris Martinez;33;5
2664;Maxwell Bennett;29;1
2665;Shannon Martinez;22;4
2666;Nathan Miller;31;9
2667;Caroline Miller;45;2
2668;Nathan Bowers;32;8
2669;Joel Walker;55;8
2670;Brittany Alexander;43;1
2671;Megan Moon;37;5
2672;Stephanie Burns;25;4
2673;Jessica Woodward;29;4
2674;Melody Howell;32;6
2675;Christine Robinson;60;3
2676;Robin Robinson;40;9
2677;Patrick Christensen;22;8
2678;Mrs. Barbara Mitchell;29;10
2679;Kelly Davis;51;4
2680;Keith Hall;32;9
2681;Robert Freeman;55;7
2682;Jeffrey Arnold;57;1
2683;Ryan Ruiz;58;2
2684;Natalie Clements;33;7
2685;Carolyn Young;59;8
2686;Dawn Anderson;39;5
2687;Justin Jones;35;3
2688;Sara Oconnor;59;1
2689;Michael Ramos;59;8
2690;Denise Tate;53;1
2691;Samantha Keith;33;8
2692;Benjamin Carlson;40;7
2693;Matthew Griffith;25;2
2694;Lisa Benson;46;8
2695;Laura Hunter;29;6
2696;Bradley Cantrell;55;1
2697;Travis Mcpherson;26;4
2698;Erik Robinson;28;4
2699;Amy Garner;43;5
2700;Cynthia Jackson;29;5
2701;Edward Bonilla;26;3
2702;Rachel Singh;25;7
2703;Javier West;39;10
2704;Robert Ortiz;52;7
2705;Michael Thomas;57;2
2706;Timothy Ingram;23;7
2707;Heather Griffith;40;9
2708;Aaron Neal;46;4
2709;Kathryn Carr;59;1
2710;Christian Rivera;33;2
2711;Michael Holmes;35;7
2712;Brenda Edwards;55;8
2713;Ryan Simmons;52;8
2714;Jerry Phillips;29;8
2715;Charles Simpson;45;2
2716;Angelica Bell;35;3
2717;Craig Green;24;9
2718;Julie Jones;27;6
2719;Caitlin Floyd;34;2
2720;Joy Allison;22;4
2721;Dr. Nancy Rios;60;4
2722;Grace Holmes;39;10
2723;Melissa Palmer;48;5
2724;Ruben Anderson;49;1
2725;Christopher Jackson;50;1
2726;Mark Hall;48;4
2727;Teresa Scott;24;3
2728;Philip Dickson;22;9
2729;Victoria Barnes;37;7
2730;Keith Harding;60;5
2731;Candace Reed;35;7
2732;William Howard;58;7
2733;Lauren Francis;38;8
2734;Bridget Rodriguez;55;9
2735;Rebecca Reed;47;2
2736;Lori Miller;33;1
2737;David Mcdonald;36;9
2738;Brandon Boyd;23;1
2739;Tina Shelton;26;3
2740;Kimberly Long;40;9
2741;Brianna King;56;6
2742;Mrs. Lisa Anderson;49;10
2743;Austin Martin;55;2
2744;Mr. Ryan Welch;31;10
2745;Shannon Matthews;58;2
2746;Kyle Anderson;53;5
2747;Madison Morris;29;3
2748;Robert Williams;28;9
2749;Daniel Perez;52;7
2750;Nicole Ruiz;43;2
2751;Brett Nguyen;33;7
2752;Erin Wood;52;5
2753;Lauren Bryant;32;8
2754;Sara Jones;30;10
2755;Cory Carlson;24;2
2756;Jose Wagner;37;3
2757;Angela Chung;33;3
2758;Cheryl Shannon;58;4
2759;Jennifer Gilbert;22;3
2760;Katelyn Simmons;20;10
2761;Brian Russo;59;5
2762;Karen Figueroa;23;2
2763;Patrick Krueger;50;6
2764;Russell Owens;39;6
2765;Seth Klein;24;2
2766;Samantha Lynn;59;3
2767;William Chapman;60;1
2768;Katelyn Bell;44;9
2769;Alyssa Ibarra;46;2
2770;Matthew Spencer;54;2
2771;Joel Roth;21;7
2772;Paul Navarro;35;1
2773;Mr. John Rogers;57;9
2774;Zachary Holmes;24;10
2775;Cassidy Dougherty;43;4
2776;Danielle Brown;24;5
2777;Angela Lambert;58;7
2778;Lindsay Mullen;43;1
2779;Sandra Schaefer;56;3
2780;Matthew Davis;25;8
2781;Teresa Davis;29;6
2782;Jennifer Zamora;36;9
2783;William Tucker;29;6
2784;Kelly Vasquez;32;3
2785;Michael Massey;28;9
2786;Patrick Lopez;26;10
2787;Eric Esparza;44;10
2788;Mary Sparks;45;7
2789;Dana Wilson;24;9
2790;Luke Anderson;34;7
2791;Kelly Palmer;38;8
2792;Catherine Peters;28;2
2793;Brenda Glenn;48;1
2794;Faith Ryan;57;6
2795;Christopher Steele;31;7
2796;Michael Horton;23;6
2797;Dennis Collins;55;8
2798;Evelyn Johnson;52;6
2799;Dennis Ramirez;46;6
2800;Anthony Ramirez;21;9
2801;Ashley Mccormick;24;8
2802;Daniel Ramsey;37;2
2803;Mariah Parker;50;6
2804;Destiny Vasquez;22;8
2805;Richard Henderson;28;8
2806;Amanda Clay;37;5
2807;Daniel Johnson;32;1
2808;Laurie Johnson;38;6
2809;Jessica Jefferson;29;8
2810;Stephen Montoya;30;2
2811;Lisa Reilly;53;1
2812;Jennifer Gray;43;4
2813;Anne Marshall;46;2
2814;Jeffrey Duncan;46;10
2815;Lisa Nicholson;24;7
2816;David Meyer;45;5
2817;Christopher Moore;39;4
2818;Eric Brown;47;4
2819;Brandon Jones;49;4
2820;Johnny Bowman;52;8
2821;Janet Rogers;56;3
2822;Nicole Shaffer;20;7
2823;Gregory Mckee;28;1
2824;Aaron Pitts;25;1
2825;Ashley Norman;56;6
2826;Jesse Peterson;29;9
2827;John Keller;44;7
2828;Kenneth Christensen;31;1
2829;Maria Burgess;48;6
2830;Melissa Marquez;48;1
2831;Sierra Miller;24;6
2832;Michael Berry;58;4
2833;Gary Brewer;37;2
2834;Becky Torres;26;7
2835;Mr. Donald Macdonald;30;2
2836;Allison Hatfield;50;7
2837;Gary Obrien;45;8
2838;Joseph Newman;48;4
2839;Sara Gonzalez;30;8
2840;Charles Branch;31;5
2841;Mrs. Kara Potts;44;8
2842;James Castro;52;3
2843;Mrs. Rachel Quinn;37;3
2844;William Hernandez;46;9
2845;Joe Brown;26;1
2846;Dawn Ruiz;28;10
2847;Kari Moon;59;3
2848;Jennifer Baker;56;2
2849;Jesse Sullivan;48;4
2850;William Coleman;20;6
2851;Chase Smith;40;6
2852;Thomas Henderson;56;4
2853;Karen Gardner;59;7
2854;Mario Hopkins;30;3
2855;Edward Rich;59;3
2856;Larry Navarro;26;7
2857;Deanna Mayo;26;3
2858;Jennifer Swanson;52;5
2859;Scott Perez;23;4
2860;Lisa Dennis;33;10
2861;Rodney Wagner;59;1
2862;Ronald Roberts;42;8
2863;Amber Best;37;6
2864;Frederick Mason;35;1
2865;Gerald Harris;25;5
2866;Allison Blackburn;30;6
2867;Ashley Morris;38;2
2868;Leslie Smith;30;7
2869;Michael Martin;48;5
2870;Jennifer Hamilton;52;4
2871;Edward Bruce;39;6
2872;Tami Conway;37;8
2873;Crystal White;28;2
2874;Kevin Johnson;46;4
2875;Jonathan Frazier;37;2
2876;Gina Duncan;56;8
2877;Clayton Randall;50;7
2878;Jeremiah Smith;58;3
2879;Kristin Mendoza;28;6
2880;Mary Mack;38;5
2881;Sarah Hawkins;51;5
2882;Tracy Harrell;42;1
2883;Anna Matthews;45;1
2884;Jessica Sanchez;30;9
2885;Morgan Arroyo;31;3
2886;Stephanie Fernandez;39;7
2887;Justin Scott;31;6
2888;Sharon Dean;32;7
2889;Michele Lee;34;3
2890;Olivia Carter;30;6
2891;Gavin Gilbert;44;3
2892;Kathy Cooper;24;7
2893;Robert Wilson;25;6
2894;Sue Rodriguez;57;2
2895;Amanda Wright;30;2
2896;Stephanie Jones;21;7
2897;John Hutchinson;59;5
2898;Edward George;48;9
2899;Scott Taylor;24;10
2900;Kimberly Wilson;43;6
2901;Jerry Phillips;25;1
2902;Barbara Vazquez;57;5
2903;Brianna Smith MD;60;8
2904;Connor Cochran;27;8
2905;Christopher Davila;37;2
2906;Joan Russo;54;5
2907;Bryan Neal;29;8
2908;James Clark;27;3
2909;Brandon Coleman;50;8
2910;Stacy Jenkins;42;2
2911;Christopher Bowman;25;4
2912;Tammy Herrera;44;1
2913;Willie Johnson;47;1
2914;William Cantu;46;1
2915;Wendy Hernandez;36;8
2916;Heather Thomas;52;3
2917;Lori Thompson;45;8
2918;Phillip Goodman;26;8
2919;James Best;21;6
2920;Jordan Glover Jr.;35;10
2921;Alison Mccarty;22;4
2922;Anna Reynolds;24;4
2923;Lisa Hicks;37;9
2924;Dr. Amanda Moreno;58;10
2925;Emily Miranda;60;5
2926;Catherine Griffin;22;8
2927;Mark Martinez;48;1
2928;Aaron Rodriguez;55;8
2929;Mrs. Lisa Stone;57;8
2930;Elizabeth Johnson;52;7
2931;Jay Price;43;6
2932;Jeanne Oliver;26;7
2933;Summer Hughes;30;4
2934;Michael Vasquez;46;5
2935;Devin Garcia;41;8
2936;Christopher Yang;50;6
2937;Gary Blake;57;9
2938;Kevin Waller;27;10
2939;Paul Pearson;30;1
2940;Johnathan Bailey;33;4
2941;Angela Wiggins;50;1
2942;William King;24;10
2943;Pamela Brandt;35;2
2944;Deborah Macias;24;2
2945;Debra Mccann;24;3
2946;Sheri Russell;56;8
2947;David Robinson;24;7
2948;Nichole Nunez;32;5
2949;Dustin Molina;31;10
2950;Terry Brewer;34;3
2951;Jacob Alvarez;22;8
2952;Wesley Williams;53;9
2953;Craig James;60;1
2954;Victor Benton;33;1
2955;Keith Tanner;50;10
2956;Ronald Aguilar;59;3
2957;Debra Pugh;43;2
2958;Mark Cooper;39;10
2959;Stephanie Nichols;29;10
2960;Nicholas Clark;42;6
2961;George Lee;57;1
2962;Matthew Smith;30;4
2963;Kristina Thompson;42;8
2964;Mr. Nathaniel Preston;45;2
2965;Tracy Aguilar;52;6
2966;Amy Green DVM;38;8
2967;Monica Johnson;43;4
2968;Amber Davis;49;6
2969;Joe Barnes;34;7
2970;Jacqueline Richardson;36;3
2971;John Mitchell;30;8
2972;Laura White;24;5
2973;Edward Booker;54;7
2974;Jeffrey Collins;57;10
2975;Morgan Martin;60;7
2976;Deanna Rojas;32;3
2977;Tracey Peterson;47;5
2978;Jennifer Kelly;29;5
2979;Marilyn Todd;60;1
2980;Peter Parker;57;2
2981;Daniel Gibson;56;8
2982;Kyle Simmons;21;8
2983;Susan Vargas;21;5
2984;Olivia Green;23;2
2985;Randall Mccormick;52;1
2986;Joseph Long;24;4
2987;Amanda Jones;57;6
2988;David Moore;28;4
2989;Aaron Harrington;21;7
2990;Jacob Smith;40;7
2991;Dustin Wagner;27;9
2992;Kristopher Hansen;41;8
2993;Timothy Carson;52;4
2994;Thomas Jones;37;8
2995;Jeffery Lopez;58;9
2996;Kelly Gray;31;10
2997;Andrea Schultz;33;1
2998;Scott Rodriguez;29;5
2999;Samantha Taylor;43;1
3000;April Kramer;43;5
